<?xml version="1.0" encoding="utf-8"?>
<commerce_info version="1.0" date="2020-12-18T11:55:22">
	<iblock_types>
		<iblock_type>
			<ID>sf_ru_sveden</ID>
			<SECTIONS>Y</SECTIONS>
			<EDIT_FILE_BEFORE></EDIT_FILE_BEFORE>
			<EDIT_FILE_AFTER></EDIT_FILE_AFTER>
			<IN_RSS>N</IN_RSS>
			<SORT>1020</SORT>
			<LANG>
				<ru>
					<IBLOCK_TYPE_ID>sf_ru_sveden</IBLOCK_TYPE_ID>
					<LANGUAGE_ID>ru</LANGUAGE_ID>
					<NAME>RU - Сведения об образовательной организации</NAME>
					<SECTIONS_NAME></SECTIONS_NAME>
					<ELEMENTS_NAME></ELEMENTS_NAME>
				</ru>
				<en>
					<IBLOCK_TYPE_ID>sf_ru_sveden</IBLOCK_TYPE_ID>
					<LANGUAGE_ID>en</LANGUAGE_ID>
					<NAME> RU - Information about the educational organization</NAME>
					<SECTIONS_NAME></SECTIONS_NAME>
					<ELEMENTS_NAME></ELEMENTS_NAME>
				</en>
			</LANG>
		</iblock_type>
	</iblock_types>
	<iblocks>
		<iblock>
			<ID>83</ID>
			<TIMESTAMP_X>01.09.2020 17:58:33</TIMESTAMP_X>
			<IBLOCK_TYPE_ID>sf_ru_sveden</IBLOCK_TYPE_ID>
			<LID>ru</LID>
			<CODE>sf-ru-vacant</CODE>
			<NAME>Вакантные места</NAME>
			<ACTIVE>Y</ACTIVE>
			<SORT>120</SORT>
			<DESCRIPTION_TYPE>text</DESCRIPTION_TYPE>
			<XML_ID>SF_XML_ID_99</XML_ID>
			<TMP_ID>c981fd068f34b514a6bbc24a81b75af8</TMP_ID>
			<INDEX_ELEMENT>N</INDEX_ELEMENT>
			<INDEX_SECTION>N</INDEX_SECTION>
			<WORKFLOW>N</WORKFLOW>
			<BIZPROC>N</BIZPROC>
			<SECTION_CHOOSER>L</SECTION_CHOOSER>
			<RIGHTS_MODE>S</RIGHTS_MODE>
			<SECTION_PROPERTY>N</SECTION_PROPERTY>
			<PROPERTY_INDEX>N</PROPERTY_INDEX>
			<VERSION>1</VERSION>
			<LAST_CONV_ELEMENT>0</LAST_CONV_ELEMENT>
			<LINKMODE>copy</LINKMODE>
		</iblock>
	</iblocks>
	<properties>
		<property>
			<ID>1485</ID>
			<TIMESTAMP_X>19.08.2020 19:33:56</TIMESTAMP_X>
			<IBLOCK_ID>83</IBLOCK_ID>
			<NAME>За счёт бюджетных ассигнований федерального бюджета</NAME>
			<ACTIVE>Y</ACTIVE>
			<SORT>10</SORT>
			<CODE>FEDERAL</CODE>
			<DEFAULT_VALUE></DEFAULT_VALUE>
			<PROPERTY_TYPE>S</PROPERTY_TYPE>
			<ROW_COUNT>1</ROW_COUNT>
			<COL_COUNT>30</COL_COUNT>
			<LIST_TYPE>L</LIST_TYPE>
			<MULTIPLE>N</MULTIPLE>
			<XML_ID>SF_XML_ID_508</XML_ID>
			<FILE_TYPE></FILE_TYPE>
			<MULTIPLE_CNT>5</MULTIPLE_CNT>
			<TMP_ID></TMP_ID>
			<LINK_IBLOCK_ID>0</LINK_IBLOCK_ID>
			<WITH_DESCRIPTION>N</WITH_DESCRIPTION>
			<SEARCHABLE>N</SEARCHABLE>
			<FILTRABLE>N</FILTRABLE>
			<IS_REQUIRED>N</IS_REQUIRED>
			<VERSION>1</VERSION>
			<USER_TYPE></USER_TYPE>
			<USER_TYPE_SETTINGS_LIST></USER_TYPE_SETTINGS_LIST>
			<USER_TYPE_SETTINGS></USER_TYPE_SETTINGS>
			<HINT></HINT>
		</property>
		<property>
			<ID>1493</ID>
			<TIMESTAMP_X>19.08.2020 19:33:56</TIMESTAMP_X>
			<IBLOCK_ID>83</IBLOCK_ID>
			<NAME>За счёт бюджетных ассигнований бюджетов субъекта</NAME>
			<ACTIVE>Y</ACTIVE>
			<SORT>20</SORT>
			<CODE>REGIONAL</CODE>
			<DEFAULT_VALUE></DEFAULT_VALUE>
			<PROPERTY_TYPE>S</PROPERTY_TYPE>
			<ROW_COUNT>1</ROW_COUNT>
			<COL_COUNT>30</COL_COUNT>
			<LIST_TYPE>L</LIST_TYPE>
			<MULTIPLE>N</MULTIPLE>
			<XML_ID>SF_XML_ID_509</XML_ID>
			<FILE_TYPE></FILE_TYPE>
			<MULTIPLE_CNT>5</MULTIPLE_CNT>
			<TMP_ID></TMP_ID>
			<LINK_IBLOCK_ID>0</LINK_IBLOCK_ID>
			<WITH_DESCRIPTION>N</WITH_DESCRIPTION>
			<SEARCHABLE>N</SEARCHABLE>
			<FILTRABLE>N</FILTRABLE>
			<IS_REQUIRED>N</IS_REQUIRED>
			<VERSION>1</VERSION>
			<USER_TYPE></USER_TYPE>
			<USER_TYPE_SETTINGS_LIST></USER_TYPE_SETTINGS_LIST>
			<USER_TYPE_SETTINGS></USER_TYPE_SETTINGS>
			<HINT></HINT>
		</property>
		<property>
			<ID>1502</ID>
			<TIMESTAMP_X>19.08.2020 19:33:56</TIMESTAMP_X>
			<IBLOCK_ID>83</IBLOCK_ID>
			<NAME>За счёт бюджетных ассигнований местных бюджетов</NAME>
			<ACTIVE>Y</ACTIVE>
			<SORT>30</SORT>
			<CODE>LOCAL</CODE>
			<DEFAULT_VALUE></DEFAULT_VALUE>
			<PROPERTY_TYPE>S</PROPERTY_TYPE>
			<ROW_COUNT>1</ROW_COUNT>
			<COL_COUNT>30</COL_COUNT>
			<LIST_TYPE>L</LIST_TYPE>
			<MULTIPLE>N</MULTIPLE>
			<XML_ID>SF_XML_ID_510</XML_ID>
			<FILE_TYPE></FILE_TYPE>
			<MULTIPLE_CNT>5</MULTIPLE_CNT>
			<TMP_ID></TMP_ID>
			<LINK_IBLOCK_ID>0</LINK_IBLOCK_ID>
			<WITH_DESCRIPTION>N</WITH_DESCRIPTION>
			<SEARCHABLE>N</SEARCHABLE>
			<FILTRABLE>N</FILTRABLE>
			<IS_REQUIRED>N</IS_REQUIRED>
			<VERSION>1</VERSION>
			<USER_TYPE></USER_TYPE>
			<USER_TYPE_SETTINGS_LIST></USER_TYPE_SETTINGS_LIST>
			<USER_TYPE_SETTINGS></USER_TYPE_SETTINGS>
			<HINT></HINT>
		</property>
		<property>
			<ID>1509</ID>
			<TIMESTAMP_X>19.08.2020 19:33:56</TIMESTAMP_X>
			<IBLOCK_ID>83</IBLOCK_ID>
			<NAME>За счёт средств физических и (или) юридических лиц</NAME>
			<ACTIVE>Y</ACTIVE>
			<SORT>40</SORT>
			<CODE>COMMERCE</CODE>
			<DEFAULT_VALUE></DEFAULT_VALUE>
			<PROPERTY_TYPE>S</PROPERTY_TYPE>
			<ROW_COUNT>1</ROW_COUNT>
			<COL_COUNT>30</COL_COUNT>
			<LIST_TYPE>L</LIST_TYPE>
			<MULTIPLE>N</MULTIPLE>
			<XML_ID>SF_XML_ID_511</XML_ID>
			<FILE_TYPE></FILE_TYPE>
			<MULTIPLE_CNT>5</MULTIPLE_CNT>
			<TMP_ID></TMP_ID>
			<LINK_IBLOCK_ID>0</LINK_IBLOCK_ID>
			<WITH_DESCRIPTION>N</WITH_DESCRIPTION>
			<SEARCHABLE>N</SEARCHABLE>
			<FILTRABLE>N</FILTRABLE>
			<IS_REQUIRED>N</IS_REQUIRED>
			<VERSION>1</VERSION>
			<USER_TYPE></USER_TYPE>
			<USER_TYPE_SETTINGS_LIST></USER_TYPE_SETTINGS_LIST>
			<USER_TYPE_SETTINGS></USER_TYPE_SETTINGS>
			<HINT></HINT>
		</property>
		<property>
			<ID>1512</ID>
			<TIMESTAMP_X>19.08.2020 19:33:56</TIMESTAMP_X>
			<IBLOCK_ID>83</IBLOCK_ID>
			<NAME>Код специальности/направления подготовки</NAME>
			<ACTIVE>Y</ACTIVE>
			<SORT>50</SORT>
			<CODE>CODE_SPECIAL</CODE>
			<DEFAULT_VALUE></DEFAULT_VALUE>
			<PROPERTY_TYPE>S</PROPERTY_TYPE>
			<ROW_COUNT>1</ROW_COUNT>
			<COL_COUNT>30</COL_COUNT>
			<LIST_TYPE>L</LIST_TYPE>
			<MULTIPLE>N</MULTIPLE>
			<XML_ID>SF_XML_ID_512</XML_ID>
			<FILE_TYPE></FILE_TYPE>
			<MULTIPLE_CNT>5</MULTIPLE_CNT>
			<TMP_ID></TMP_ID>
			<LINK_IBLOCK_ID>0</LINK_IBLOCK_ID>
			<WITH_DESCRIPTION>N</WITH_DESCRIPTION>
			<SEARCHABLE>N</SEARCHABLE>
			<FILTRABLE>N</FILTRABLE>
			<IS_REQUIRED>N</IS_REQUIRED>
			<VERSION>1</VERSION>
			<USER_TYPE></USER_TYPE>
			<USER_TYPE_SETTINGS_LIST></USER_TYPE_SETTINGS_LIST>
			<USER_TYPE_SETTINGS></USER_TYPE_SETTINGS>
			<HINT></HINT>
		</property>
		<property>
			<ID>1515</ID>
			<TIMESTAMP_X>19.08.2020 19:33:56</TIMESTAMP_X>
			<IBLOCK_ID>83</IBLOCK_ID>
			<NAME>Курс</NAME>
			<ACTIVE>Y</ACTIVE>
			<SORT>60</SORT>
			<CODE>COURSE</CODE>
			<DEFAULT_VALUE></DEFAULT_VALUE>
			<PROPERTY_TYPE>N</PROPERTY_TYPE>
			<ROW_COUNT>1</ROW_COUNT>
			<COL_COUNT>30</COL_COUNT>
			<LIST_TYPE>L</LIST_TYPE>
			<MULTIPLE>N</MULTIPLE>
			<XML_ID>SF_XML_ID_514</XML_ID>
			<FILE_TYPE></FILE_TYPE>
			<MULTIPLE_CNT>5</MULTIPLE_CNT>
			<TMP_ID></TMP_ID>
			<LINK_IBLOCK_ID>0</LINK_IBLOCK_ID>
			<WITH_DESCRIPTION>N</WITH_DESCRIPTION>
			<SEARCHABLE>N</SEARCHABLE>
			<FILTRABLE>N</FILTRABLE>
			<IS_REQUIRED>N</IS_REQUIRED>
			<VERSION>1</VERSION>
			<USER_TYPE></USER_TYPE>
			<USER_TYPE_SETTINGS_LIST></USER_TYPE_SETTINGS_LIST>
			<USER_TYPE_SETTINGS></USER_TYPE_SETTINGS>
			<HINT></HINT>
		</property>
		<property>
			<ID>1518</ID>
			<TIMESTAMP_X>19.08.2020 19:33:56</TIMESTAMP_X>
			<IBLOCK_ID>83</IBLOCK_ID>
			<NAME>Форма обучения</NAME>
			<ACTIVE>Y</ACTIVE>
			<SORT>70</SORT>
			<CODE>FORM_STUDY</CODE>
			<DEFAULT_VALUE></DEFAULT_VALUE>
			<PROPERTY_TYPE>S</PROPERTY_TYPE>
			<ROW_COUNT>1</ROW_COUNT>
			<COL_COUNT>30</COL_COUNT>
			<LIST_TYPE>L</LIST_TYPE>
			<MULTIPLE>N</MULTIPLE>
			<XML_ID>SF_XML_ID_515</XML_ID>
			<FILE_TYPE></FILE_TYPE>
			<MULTIPLE_CNT>5</MULTIPLE_CNT>
			<TMP_ID></TMP_ID>
			<LINK_IBLOCK_ID>0</LINK_IBLOCK_ID>
			<WITH_DESCRIPTION>N</WITH_DESCRIPTION>
			<SEARCHABLE>N</SEARCHABLE>
			<FILTRABLE>N</FILTRABLE>
			<IS_REQUIRED>N</IS_REQUIRED>
			<VERSION>1</VERSION>
			<USER_TYPE></USER_TYPE>
			<USER_TYPE_SETTINGS_LIST></USER_TYPE_SETTINGS_LIST>
			<USER_TYPE_SETTINGS></USER_TYPE_SETTINGS>
			<HINT></HINT>
		</property>
	</properties>
	<prop_enums>
	</prop_enums>
	<sections_uf>
	</sections_uf>
	<sections>
		<section>
			<ID>1432</ID>
			<IBLOCK_ID>83</IBLOCK_ID>
			<ACTIVE>Y</ACTIVE>
			<GLOBAL_ACTIVE>Y</GLOBAL_ACTIVE>
			<SORT>100</SORT>
			<NAME>Начальное общее образование</NAME>
			<LEFT_MARGIN>1</LEFT_MARGIN>
			<RIGHT_MARGIN>2</RIGHT_MARGIN>
			<DEPTH_LEVEL>1</DEPTH_LEVEL>
			<DESCRIPTION_TYPE>text</DESCRIPTION_TYPE>
			<SEARCHABLE_CONTENT>НАЧАЛЬНОЕ ОБЩЕЕ ОБРАЗОВАНИЕ
</SEARCHABLE_CONTENT>
		</section>
		<section>
			<ID>1433</ID>
			<IBLOCK_ID>83</IBLOCK_ID>
			<ACTIVE>Y</ACTIVE>
			<GLOBAL_ACTIVE>Y</GLOBAL_ACTIVE>
			<SORT>200</SORT>
			<NAME>Основное общее образование</NAME>
			<LEFT_MARGIN>3</LEFT_MARGIN>
			<RIGHT_MARGIN>4</RIGHT_MARGIN>
			<DEPTH_LEVEL>1</DEPTH_LEVEL>
			<DESCRIPTION_TYPE>text</DESCRIPTION_TYPE>
			<SEARCHABLE_CONTENT>ОСНОВНОЕ ОБЩЕЕ ОБРАЗОВАНИЕ
</SEARCHABLE_CONTENT>
		</section>
		<section>
			<ID>1434</ID>
			<IBLOCK_ID>83</IBLOCK_ID>
			<ACTIVE>Y</ACTIVE>
			<GLOBAL_ACTIVE>Y</GLOBAL_ACTIVE>
			<SORT>300</SORT>
			<NAME>Среднее общее образование</NAME>
			<LEFT_MARGIN>5</LEFT_MARGIN>
			<RIGHT_MARGIN>6</RIGHT_MARGIN>
			<DEPTH_LEVEL>1</DEPTH_LEVEL>
			<DESCRIPTION_TYPE>text</DESCRIPTION_TYPE>
			<SEARCHABLE_CONTENT>СРЕДНЕЕ ОБЩЕЕ ОБРАЗОВАНИЕ
</SEARCHABLE_CONTENT>
		</section>
	</sections>
	<elements>
		<element>
			<ID>8598</ID>
			<TIMESTAMP_X>01.09.2020 18:00:09</TIMESTAMP_X>
			<MODIFIED_BY>1</MODIFIED_BY>
			<DATE_CREATE>01.09.2020 17:51:42</DATE_CREATE>
			<CREATED_BY>1</CREATED_BY>
			<IBLOCK_ID>83</IBLOCK_ID>
			<IBLOCK_SECTION_ID>1432</IBLOCK_SECTION_ID>
			<ACTIVE>Y</ACTIVE>
			<SORT>100</SORT>
			<NAME>1 класс</NAME>
			<PREVIEW_TEXT_TYPE>text</PREVIEW_TEXT_TYPE>
			<DETAIL_TEXT_TYPE>text</DETAIL_TEXT_TYPE>
			<SEARCHABLE_CONTENT>1 КЛАСС

</SEARCHABLE_CONTENT>
			<WF_STATUS_ID>1</WF_STATUS_ID>
			<IN_SECTIONS>Y</IN_SECTIONS>
			<XML_ID>8598</XML_ID>
			<TMP_ID>0</TMP_ID>
		</element>
		<element>
			<ID>8599</ID>
			<TIMESTAMP_X>01.09.2020 18:00:09</TIMESTAMP_X>
			<MODIFIED_BY>1</MODIFIED_BY>
			<DATE_CREATE>01.09.2020 17:52:53</DATE_CREATE>
			<CREATED_BY>1</CREATED_BY>
			<IBLOCK_ID>83</IBLOCK_ID>
			<IBLOCK_SECTION_ID>1432</IBLOCK_SECTION_ID>
			<ACTIVE>Y</ACTIVE>
			<SORT>200</SORT>
			<NAME>2 класс</NAME>
			<PREVIEW_TEXT_TYPE>text</PREVIEW_TEXT_TYPE>
			<DETAIL_TEXT_TYPE>text</DETAIL_TEXT_TYPE>
			<SEARCHABLE_CONTENT>2 КЛАСС

</SEARCHABLE_CONTENT>
			<WF_STATUS_ID>1</WF_STATUS_ID>
			<IN_SECTIONS>Y</IN_SECTIONS>
			<XML_ID>8599</XML_ID>
			<TMP_ID>0</TMP_ID>
		</element>
		<element>
			<ID>8600</ID>
			<TIMESTAMP_X>01.09.2020 18:00:09</TIMESTAMP_X>
			<MODIFIED_BY>1</MODIFIED_BY>
			<DATE_CREATE>01.09.2020 17:53:03</DATE_CREATE>
			<CREATED_BY>1</CREATED_BY>
			<IBLOCK_ID>83</IBLOCK_ID>
			<IBLOCK_SECTION_ID>1432</IBLOCK_SECTION_ID>
			<ACTIVE>Y</ACTIVE>
			<SORT>300</SORT>
			<NAME>3 класс</NAME>
			<PREVIEW_TEXT_TYPE>text</PREVIEW_TEXT_TYPE>
			<DETAIL_TEXT_TYPE>text</DETAIL_TEXT_TYPE>
			<SEARCHABLE_CONTENT>3 КЛАСС

</SEARCHABLE_CONTENT>
			<WF_STATUS_ID>1</WF_STATUS_ID>
			<IN_SECTIONS>Y</IN_SECTIONS>
			<XML_ID>8600</XML_ID>
			<TMP_ID>0</TMP_ID>
		</element>
		<element>
			<ID>8601</ID>
			<TIMESTAMP_X>01.09.2020 18:00:09</TIMESTAMP_X>
			<MODIFIED_BY>1</MODIFIED_BY>
			<DATE_CREATE>01.09.2020 17:53:13</DATE_CREATE>
			<CREATED_BY>1</CREATED_BY>
			<IBLOCK_ID>83</IBLOCK_ID>
			<IBLOCK_SECTION_ID>1432</IBLOCK_SECTION_ID>
			<ACTIVE>Y</ACTIVE>
			<SORT>400</SORT>
			<NAME>4 класс</NAME>
			<PREVIEW_TEXT_TYPE>text</PREVIEW_TEXT_TYPE>
			<DETAIL_TEXT_TYPE>text</DETAIL_TEXT_TYPE>
			<SEARCHABLE_CONTENT>4 КЛАСС

</SEARCHABLE_CONTENT>
			<WF_STATUS_ID>1</WF_STATUS_ID>
			<IN_SECTIONS>Y</IN_SECTIONS>
			<XML_ID>8601</XML_ID>
			<TMP_ID>0</TMP_ID>
		</element>
		<element>
			<ID>8602</ID>
			<TIMESTAMP_X>01.09.2020 18:00:09</TIMESTAMP_X>
			<MODIFIED_BY>1</MODIFIED_BY>
			<DATE_CREATE>01.09.2020 17:56:57</DATE_CREATE>
			<CREATED_BY>1</CREATED_BY>
			<IBLOCK_ID>83</IBLOCK_ID>
			<IBLOCK_SECTION_ID>1433</IBLOCK_SECTION_ID>
			<ACTIVE>Y</ACTIVE>
			<SORT>600</SORT>
			<NAME>5 класс</NAME>
			<PREVIEW_TEXT_TYPE>text</PREVIEW_TEXT_TYPE>
			<DETAIL_TEXT_TYPE>text</DETAIL_TEXT_TYPE>
			<SEARCHABLE_CONTENT>5 КЛАСС

</SEARCHABLE_CONTENT>
			<WF_STATUS_ID>1</WF_STATUS_ID>
			<IN_SECTIONS>Y</IN_SECTIONS>
			<XML_ID>8602</XML_ID>
			<TMP_ID>0</TMP_ID>
		</element>
		<element>
			<ID>8603</ID>
			<TIMESTAMP_X>01.09.2020 18:00:09</TIMESTAMP_X>
			<MODIFIED_BY>1</MODIFIED_BY>
			<DATE_CREATE>01.09.2020 17:57:15</DATE_CREATE>
			<CREATED_BY>1</CREATED_BY>
			<IBLOCK_ID>83</IBLOCK_ID>
			<IBLOCK_SECTION_ID>1433</IBLOCK_SECTION_ID>
			<ACTIVE>Y</ACTIVE>
			<SORT>600</SORT>
			<NAME>6 класс</NAME>
			<PREVIEW_TEXT_TYPE>text</PREVIEW_TEXT_TYPE>
			<DETAIL_TEXT_TYPE>text</DETAIL_TEXT_TYPE>
			<SEARCHABLE_CONTENT>6 КЛАСС

</SEARCHABLE_CONTENT>
			<WF_STATUS_ID>1</WF_STATUS_ID>
			<IN_SECTIONS>Y</IN_SECTIONS>
			<XML_ID>8603</XML_ID>
			<TMP_ID>0</TMP_ID>
		</element>
		<element>
			<ID>8604</ID>
			<TIMESTAMP_X>01.09.2020 18:00:09</TIMESTAMP_X>
			<MODIFIED_BY>1</MODIFIED_BY>
			<DATE_CREATE>01.09.2020 17:57:24</DATE_CREATE>
			<CREATED_BY>1</CREATED_BY>
			<IBLOCK_ID>83</IBLOCK_ID>
			<IBLOCK_SECTION_ID>1433</IBLOCK_SECTION_ID>
			<ACTIVE>Y</ACTIVE>
			<SORT>700</SORT>
			<NAME>7 класс</NAME>
			<PREVIEW_TEXT_TYPE>text</PREVIEW_TEXT_TYPE>
			<DETAIL_TEXT_TYPE>text</DETAIL_TEXT_TYPE>
			<SEARCHABLE_CONTENT>7 КЛАСС

</SEARCHABLE_CONTENT>
			<WF_STATUS_ID>1</WF_STATUS_ID>
			<IN_SECTIONS>Y</IN_SECTIONS>
			<XML_ID>8604</XML_ID>
			<TMP_ID>0</TMP_ID>
		</element>
		<element>
			<ID>8605</ID>
			<TIMESTAMP_X>01.09.2020 18:00:09</TIMESTAMP_X>
			<MODIFIED_BY>1</MODIFIED_BY>
			<DATE_CREATE>01.09.2020 17:57:35</DATE_CREATE>
			<CREATED_BY>1</CREATED_BY>
			<IBLOCK_ID>83</IBLOCK_ID>
			<IBLOCK_SECTION_ID>1433</IBLOCK_SECTION_ID>
			<ACTIVE>Y</ACTIVE>
			<SORT>800</SORT>
			<NAME>8 класс</NAME>
			<PREVIEW_TEXT_TYPE>text</PREVIEW_TEXT_TYPE>
			<DETAIL_TEXT_TYPE>text</DETAIL_TEXT_TYPE>
			<SEARCHABLE_CONTENT>8 КЛАСС

</SEARCHABLE_CONTENT>
			<WF_STATUS_ID>1</WF_STATUS_ID>
			<IN_SECTIONS>Y</IN_SECTIONS>
			<XML_ID>8605</XML_ID>
			<TMP_ID>0</TMP_ID>
		</element>
		<element>
			<ID>8606</ID>
			<TIMESTAMP_X>01.09.2020 18:00:09</TIMESTAMP_X>
			<MODIFIED_BY>1</MODIFIED_BY>
			<DATE_CREATE>01.09.2020 17:57:47</DATE_CREATE>
			<CREATED_BY>1</CREATED_BY>
			<IBLOCK_ID>83</IBLOCK_ID>
			<IBLOCK_SECTION_ID>1433</IBLOCK_SECTION_ID>
			<ACTIVE>Y</ACTIVE>
			<SORT>900</SORT>
			<NAME>9 класс</NAME>
			<PREVIEW_TEXT_TYPE>text</PREVIEW_TEXT_TYPE>
			<DETAIL_TEXT_TYPE>text</DETAIL_TEXT_TYPE>
			<SEARCHABLE_CONTENT>9 КЛАСС

</SEARCHABLE_CONTENT>
			<WF_STATUS_ID>1</WF_STATUS_ID>
			<IN_SECTIONS>Y</IN_SECTIONS>
			<XML_ID>8606</XML_ID>
			<TMP_ID>0</TMP_ID>
		</element>
		<element>
			<ID>8607</ID>
			<TIMESTAMP_X>01.09.2020 18:00:09</TIMESTAMP_X>
			<MODIFIED_BY>1</MODIFIED_BY>
			<DATE_CREATE>01.09.2020 17:58:03</DATE_CREATE>
			<CREATED_BY>1</CREATED_BY>
			<IBLOCK_ID>83</IBLOCK_ID>
			<IBLOCK_SECTION_ID>1434</IBLOCK_SECTION_ID>
			<ACTIVE>Y</ACTIVE>
			<SORT>1000</SORT>
			<NAME>10 класс</NAME>
			<PREVIEW_TEXT_TYPE>text</PREVIEW_TEXT_TYPE>
			<DETAIL_TEXT_TYPE>text</DETAIL_TEXT_TYPE>
			<SEARCHABLE_CONTENT>10 КЛАСС

</SEARCHABLE_CONTENT>
			<WF_STATUS_ID>1</WF_STATUS_ID>
			<IN_SECTIONS>Y</IN_SECTIONS>
			<XML_ID>8607</XML_ID>
			<TMP_ID>0</TMP_ID>
		</element>
		<element>
			<ID>8608</ID>
			<TIMESTAMP_X>18.11.2020 13:13:37</TIMESTAMP_X>
			<MODIFIED_BY>1</MODIFIED_BY>
			<DATE_CREATE>01.09.2020 17:58:45</DATE_CREATE>
			<CREATED_BY>1</CREATED_BY>
			<IBLOCK_ID>83</IBLOCK_ID>
			<IBLOCK_SECTION_ID>1434</IBLOCK_SECTION_ID>
			<ACTIVE>Y</ACTIVE>
			<SORT>1010</SORT>
			<NAME>11 класс</NAME>
			<PREVIEW_TEXT_TYPE>text</PREVIEW_TEXT_TYPE>
			<DETAIL_TEXT_TYPE>text</DETAIL_TEXT_TYPE>
			<SEARCHABLE_CONTENT>11 КЛАСС

</SEARCHABLE_CONTENT>
			<WF_STATUS_ID>1</WF_STATUS_ID>
			<IN_SECTIONS>Y</IN_SECTIONS>
			<XML_ID>8608</XML_ID>
			<TMP_ID>0</TMP_ID>
		</element>
	</elements>
	<prop_values>
		<prop_value>
			<IBLOCK_ID>83</IBLOCK_ID>
			<ELEMENT_ID>8598</ELEMENT_ID>
			<PROPERTY_ID>1485</PROPERTY_ID>
			<PROPERTY_CODE>FEDERAL</PROPERTY_CODE>
			<VALUE>
				<SF_XML_ID_28403>5</SF_XML_ID_28403>
			</VALUE>
			<VALUE_ENUM>
				<SF_XML_ID_28403></SF_XML_ID_28403>
			</VALUE_ENUM>
			<DESCRIPTION>
				<SF_XML_ID_28403></SF_XML_ID_28403>
			</DESCRIPTION>
		</prop_value>
		<prop_value>
			<IBLOCK_ID>83</IBLOCK_ID>
			<ELEMENT_ID>8598</ELEMENT_ID>
			<PROPERTY_ID>1493</PROPERTY_ID>
			<PROPERTY_CODE>REGIONAL</PROPERTY_CODE>
			<VALUE>
				<SF_XML_ID_28404>0</SF_XML_ID_28404>
			</VALUE>
			<VALUE_ENUM>
				<SF_XML_ID_28404></SF_XML_ID_28404>
			</VALUE_ENUM>
			<DESCRIPTION>
				<SF_XML_ID_28404></SF_XML_ID_28404>
			</DESCRIPTION>
		</prop_value>
		<prop_value>
			<IBLOCK_ID>83</IBLOCK_ID>
			<ELEMENT_ID>8598</ELEMENT_ID>
			<PROPERTY_ID>1502</PROPERTY_ID>
			<PROPERTY_CODE>LOCAL</PROPERTY_CODE>
			<VALUE>
				<SF_XML_ID_28405>0</SF_XML_ID_28405>
			</VALUE>
			<VALUE_ENUM>
				<SF_XML_ID_28405></SF_XML_ID_28405>
			</VALUE_ENUM>
			<DESCRIPTION>
				<SF_XML_ID_28405></SF_XML_ID_28405>
			</DESCRIPTION>
		</prop_value>
		<prop_value>
			<IBLOCK_ID>83</IBLOCK_ID>
			<ELEMENT_ID>8598</ELEMENT_ID>
			<PROPERTY_ID>1509</PROPERTY_ID>
			<PROPERTY_CODE>COMMERCE</PROPERTY_CODE>
			<VALUE>
				<SF_XML_ID_28406>0</SF_XML_ID_28406>
			</VALUE>
			<VALUE_ENUM>
				<SF_XML_ID_28406></SF_XML_ID_28406>
			</VALUE_ENUM>
			<DESCRIPTION>
				<SF_XML_ID_28406></SF_XML_ID_28406>
			</DESCRIPTION>
		</prop_value>
		<prop_value>
			<IBLOCK_ID>83</IBLOCK_ID>
			<ELEMENT_ID>8598</ELEMENT_ID>
			<PROPERTY_ID>1512</PROPERTY_ID>
			<PROPERTY_CODE>CODE_SPECIAL</PROPERTY_CODE>
			<VALUE>
				<SF_XML_ID_28407>-</SF_XML_ID_28407>
			</VALUE>
			<VALUE_ENUM>
				<SF_XML_ID_28407></SF_XML_ID_28407>
			</VALUE_ENUM>
			<DESCRIPTION>
				<SF_XML_ID_28407></SF_XML_ID_28407>
			</DESCRIPTION>
		</prop_value>
		<prop_value>
			<IBLOCK_ID>83</IBLOCK_ID>
			<ELEMENT_ID>8598</ELEMENT_ID>
			<PROPERTY_ID>1515</PROPERTY_ID>
			<PROPERTY_CODE>COURSE</PROPERTY_CODE>
			<VALUE>
				<SF_XML_ID_28408>-</SF_XML_ID_28408>
			</VALUE>
			<VALUE_ENUM>
				<SF_XML_ID_28408></SF_XML_ID_28408>
			</VALUE_ENUM>
			<DESCRIPTION>
				<SF_XML_ID_28408></SF_XML_ID_28408>
			</DESCRIPTION>
		</prop_value>
		<prop_value>
			<IBLOCK_ID>83</IBLOCK_ID>
			<ELEMENT_ID>8598</ELEMENT_ID>
			<PROPERTY_ID>1518</PROPERTY_ID>
			<PROPERTY_CODE>FORM_STUDY</PROPERTY_CODE>
			<VALUE>
				<SF_XML_ID_28409>очная</SF_XML_ID_28409>
			</VALUE>
			<VALUE_ENUM>
				<SF_XML_ID_28409></SF_XML_ID_28409>
			</VALUE_ENUM>
			<DESCRIPTION>
				<SF_XML_ID_28409></SF_XML_ID_28409>
			</DESCRIPTION>
		</prop_value>
		<prop_value>
			<IBLOCK_ID>83</IBLOCK_ID>
			<ELEMENT_ID>8599</ELEMENT_ID>
			<PROPERTY_ID>1485</PROPERTY_ID>
			<PROPERTY_CODE>FEDERAL</PROPERTY_CODE>
			<VALUE>
				<SF_XML_ID_28412>3</SF_XML_ID_28412>
			</VALUE>
			<VALUE_ENUM>
				<SF_XML_ID_28412></SF_XML_ID_28412>
			</VALUE_ENUM>
			<DESCRIPTION>
				<SF_XML_ID_28412></SF_XML_ID_28412>
			</DESCRIPTION>
		</prop_value>
		<prop_value>
			<IBLOCK_ID>83</IBLOCK_ID>
			<ELEMENT_ID>8599</ELEMENT_ID>
			<PROPERTY_ID>1493</PROPERTY_ID>
			<PROPERTY_CODE>REGIONAL</PROPERTY_CODE>
			<VALUE>
				<SF_XML_ID_28413>0</SF_XML_ID_28413>
			</VALUE>
			<VALUE_ENUM>
				<SF_XML_ID_28413></SF_XML_ID_28413>
			</VALUE_ENUM>
			<DESCRIPTION>
				<SF_XML_ID_28413></SF_XML_ID_28413>
			</DESCRIPTION>
		</prop_value>
		<prop_value>
			<IBLOCK_ID>83</IBLOCK_ID>
			<ELEMENT_ID>8599</ELEMENT_ID>
			<PROPERTY_ID>1502</PROPERTY_ID>
			<PROPERTY_CODE>LOCAL</PROPERTY_CODE>
			<VALUE>
				<SF_XML_ID_28414>0</SF_XML_ID_28414>
			</VALUE>
			<VALUE_ENUM>
				<SF_XML_ID_28414></SF_XML_ID_28414>
			</VALUE_ENUM>
			<DESCRIPTION>
				<SF_XML_ID_28414></SF_XML_ID_28414>
			</DESCRIPTION>
		</prop_value>
		<prop_value>
			<IBLOCK_ID>83</IBLOCK_ID>
			<ELEMENT_ID>8599</ELEMENT_ID>
			<PROPERTY_ID>1509</PROPERTY_ID>
			<PROPERTY_CODE>COMMERCE</PROPERTY_CODE>
			<VALUE>
				<SF_XML_ID_28415>0</SF_XML_ID_28415>
			</VALUE>
			<VALUE_ENUM>
				<SF_XML_ID_28415></SF_XML_ID_28415>
			</VALUE_ENUM>
			<DESCRIPTION>
				<SF_XML_ID_28415></SF_XML_ID_28415>
			</DESCRIPTION>
		</prop_value>
		<prop_value>
			<IBLOCK_ID>83</IBLOCK_ID>
			<ELEMENT_ID>8599</ELEMENT_ID>
			<PROPERTY_ID>1512</PROPERTY_ID>
			<PROPERTY_CODE>CODE_SPECIAL</PROPERTY_CODE>
			<VALUE>
				<SF_XML_ID_28416>-</SF_XML_ID_28416>
			</VALUE>
			<VALUE_ENUM>
				<SF_XML_ID_28416></SF_XML_ID_28416>
			</VALUE_ENUM>
			<DESCRIPTION>
				<SF_XML_ID_28416></SF_XML_ID_28416>
			</DESCRIPTION>
		</prop_value>
		<prop_value>
			<IBLOCK_ID>83</IBLOCK_ID>
			<ELEMENT_ID>8599</ELEMENT_ID>
			<PROPERTY_ID>1515</PROPERTY_ID>
			<PROPERTY_CODE>COURSE</PROPERTY_CODE>
			<VALUE>
				<SF_XML_ID_28417>-</SF_XML_ID_28417>
			</VALUE>
			<VALUE_ENUM>
				<SF_XML_ID_28417></SF_XML_ID_28417>
			</VALUE_ENUM>
			<DESCRIPTION>
				<SF_XML_ID_28417></SF_XML_ID_28417>
			</DESCRIPTION>
		</prop_value>
		<prop_value>
			<IBLOCK_ID>83</IBLOCK_ID>
			<ELEMENT_ID>8599</ELEMENT_ID>
			<PROPERTY_ID>1518</PROPERTY_ID>
			<PROPERTY_CODE>FORM_STUDY</PROPERTY_CODE>
			<VALUE>
				<SF_XML_ID_28418>очная</SF_XML_ID_28418>
			</VALUE>
			<VALUE_ENUM>
				<SF_XML_ID_28418></SF_XML_ID_28418>
			</VALUE_ENUM>
			<DESCRIPTION>
				<SF_XML_ID_28418></SF_XML_ID_28418>
			</DESCRIPTION>
		</prop_value>
		<prop_value>
			<IBLOCK_ID>83</IBLOCK_ID>
			<ELEMENT_ID>8600</ELEMENT_ID>
			<PROPERTY_ID>1485</PROPERTY_ID>
			<PROPERTY_CODE>FEDERAL</PROPERTY_CODE>
			<VALUE>
				<SF_XML_ID_28421>0</SF_XML_ID_28421>
			</VALUE>
			<VALUE_ENUM>
				<SF_XML_ID_28421></SF_XML_ID_28421>
			</VALUE_ENUM>
			<DESCRIPTION>
				<SF_XML_ID_28421></SF_XML_ID_28421>
			</DESCRIPTION>
		</prop_value>
		<prop_value>
			<IBLOCK_ID>83</IBLOCK_ID>
			<ELEMENT_ID>8600</ELEMENT_ID>
			<PROPERTY_ID>1493</PROPERTY_ID>
			<PROPERTY_CODE>REGIONAL</PROPERTY_CODE>
			<VALUE>
				<SF_XML_ID_28422>0</SF_XML_ID_28422>
			</VALUE>
			<VALUE_ENUM>
				<SF_XML_ID_28422></SF_XML_ID_28422>
			</VALUE_ENUM>
			<DESCRIPTION>
				<SF_XML_ID_28422></SF_XML_ID_28422>
			</DESCRIPTION>
		</prop_value>
		<prop_value>
			<IBLOCK_ID>83</IBLOCK_ID>
			<ELEMENT_ID>8600</ELEMENT_ID>
			<PROPERTY_ID>1502</PROPERTY_ID>
			<PROPERTY_CODE>LOCAL</PROPERTY_CODE>
			<VALUE>
				<SF_XML_ID_28423>0</SF_XML_ID_28423>
			</VALUE>
			<VALUE_ENUM>
				<SF_XML_ID_28423></SF_XML_ID_28423>
			</VALUE_ENUM>
			<DESCRIPTION>
				<SF_XML_ID_28423></SF_XML_ID_28423>
			</DESCRIPTION>
		</prop_value>
		<prop_value>
			<IBLOCK_ID>83</IBLOCK_ID>
			<ELEMENT_ID>8600</ELEMENT_ID>
			<PROPERTY_ID>1509</PROPERTY_ID>
			<PROPERTY_CODE>COMMERCE</PROPERTY_CODE>
			<VALUE>
				<SF_XML_ID_28424>0</SF_XML_ID_28424>
			</VALUE>
			<VALUE_ENUM>
				<SF_XML_ID_28424></SF_XML_ID_28424>
			</VALUE_ENUM>
			<DESCRIPTION>
				<SF_XML_ID_28424></SF_XML_ID_28424>
			</DESCRIPTION>
		</prop_value>
		<prop_value>
			<IBLOCK_ID>83</IBLOCK_ID>
			<ELEMENT_ID>8600</ELEMENT_ID>
			<PROPERTY_ID>1512</PROPERTY_ID>
			<PROPERTY_CODE>CODE_SPECIAL</PROPERTY_CODE>
			<VALUE>
				<SF_XML_ID_28425>-</SF_XML_ID_28425>
			</VALUE>
			<VALUE_ENUM>
				<SF_XML_ID_28425></SF_XML_ID_28425>
			</VALUE_ENUM>
			<DESCRIPTION>
				<SF_XML_ID_28425></SF_XML_ID_28425>
			</DESCRIPTION>
		</prop_value>
		<prop_value>
			<IBLOCK_ID>83</IBLOCK_ID>
			<ELEMENT_ID>8600</ELEMENT_ID>
			<PROPERTY_ID>1515</PROPERTY_ID>
			<PROPERTY_CODE>COURSE</PROPERTY_CODE>
			<VALUE>
				<SF_XML_ID_28426>-</SF_XML_ID_28426>
			</VALUE>
			<VALUE_ENUM>
				<SF_XML_ID_28426></SF_XML_ID_28426>
			</VALUE_ENUM>
			<DESCRIPTION>
				<SF_XML_ID_28426></SF_XML_ID_28426>
			</DESCRIPTION>
		</prop_value>
		<prop_value>
			<IBLOCK_ID>83</IBLOCK_ID>
			<ELEMENT_ID>8600</ELEMENT_ID>
			<PROPERTY_ID>1518</PROPERTY_ID>
			<PROPERTY_CODE>FORM_STUDY</PROPERTY_CODE>
			<VALUE>
				<SF_XML_ID_28427>очная</SF_XML_ID_28427>
			</VALUE>
			<VALUE_ENUM>
				<SF_XML_ID_28427></SF_XML_ID_28427>
			</VALUE_ENUM>
			<DESCRIPTION>
				<SF_XML_ID_28427></SF_XML_ID_28427>
			</DESCRIPTION>
		</prop_value>
		<prop_value>
			<IBLOCK_ID>83</IBLOCK_ID>
			<ELEMENT_ID>8601</ELEMENT_ID>
			<PROPERTY_ID>1485</PROPERTY_ID>
			<PROPERTY_CODE>FEDERAL</PROPERTY_CODE>
			<VALUE>
				<SF_XML_ID_28430>0</SF_XML_ID_28430>
			</VALUE>
			<VALUE_ENUM>
				<SF_XML_ID_28430></SF_XML_ID_28430>
			</VALUE_ENUM>
			<DESCRIPTION>
				<SF_XML_ID_28430></SF_XML_ID_28430>
			</DESCRIPTION>
		</prop_value>
		<prop_value>
			<IBLOCK_ID>83</IBLOCK_ID>
			<ELEMENT_ID>8601</ELEMENT_ID>
			<PROPERTY_ID>1493</PROPERTY_ID>
			<PROPERTY_CODE>REGIONAL</PROPERTY_CODE>
			<VALUE>
				<SF_XML_ID_28431>0</SF_XML_ID_28431>
			</VALUE>
			<VALUE_ENUM>
				<SF_XML_ID_28431></SF_XML_ID_28431>
			</VALUE_ENUM>
			<DESCRIPTION>
				<SF_XML_ID_28431></SF_XML_ID_28431>
			</DESCRIPTION>
		</prop_value>
		<prop_value>
			<IBLOCK_ID>83</IBLOCK_ID>
			<ELEMENT_ID>8601</ELEMENT_ID>
			<PROPERTY_ID>1502</PROPERTY_ID>
			<PROPERTY_CODE>LOCAL</PROPERTY_CODE>
			<VALUE>
				<SF_XML_ID_28432>0</SF_XML_ID_28432>
			</VALUE>
			<VALUE_ENUM>
				<SF_XML_ID_28432></SF_XML_ID_28432>
			</VALUE_ENUM>
			<DESCRIPTION>
				<SF_XML_ID_28432></SF_XML_ID_28432>
			</DESCRIPTION>
		</prop_value>
		<prop_value>
			<IBLOCK_ID>83</IBLOCK_ID>
			<ELEMENT_ID>8601</ELEMENT_ID>
			<PROPERTY_ID>1509</PROPERTY_ID>
			<PROPERTY_CODE>COMMERCE</PROPERTY_CODE>
			<VALUE>
				<SF_XML_ID_28433>0</SF_XML_ID_28433>
			</VALUE>
			<VALUE_ENUM>
				<SF_XML_ID_28433></SF_XML_ID_28433>
			</VALUE_ENUM>
			<DESCRIPTION>
				<SF_XML_ID_28433></SF_XML_ID_28433>
			</DESCRIPTION>
		</prop_value>
		<prop_value>
			<IBLOCK_ID>83</IBLOCK_ID>
			<ELEMENT_ID>8601</ELEMENT_ID>
			<PROPERTY_ID>1512</PROPERTY_ID>
			<PROPERTY_CODE>CODE_SPECIAL</PROPERTY_CODE>
			<VALUE>
				<SF_XML_ID_28434>-</SF_XML_ID_28434>
			</VALUE>
			<VALUE_ENUM>
				<SF_XML_ID_28434></SF_XML_ID_28434>
			</VALUE_ENUM>
			<DESCRIPTION>
				<SF_XML_ID_28434></SF_XML_ID_28434>
			</DESCRIPTION>
		</prop_value>
		<prop_value>
			<IBLOCK_ID>83</IBLOCK_ID>
			<ELEMENT_ID>8601</ELEMENT_ID>
			<PROPERTY_ID>1515</PROPERTY_ID>
			<PROPERTY_CODE>COURSE</PROPERTY_CODE>
			<VALUE>
				<SF_XML_ID_28435>-</SF_XML_ID_28435>
			</VALUE>
			<VALUE_ENUM>
				<SF_XML_ID_28435></SF_XML_ID_28435>
			</VALUE_ENUM>
			<DESCRIPTION>
				<SF_XML_ID_28435></SF_XML_ID_28435>
			</DESCRIPTION>
		</prop_value>
		<prop_value>
			<IBLOCK_ID>83</IBLOCK_ID>
			<ELEMENT_ID>8601</ELEMENT_ID>
			<PROPERTY_ID>1518</PROPERTY_ID>
			<PROPERTY_CODE>FORM_STUDY</PROPERTY_CODE>
			<VALUE>
				<SF_XML_ID_28436>очная</SF_XML_ID_28436>
			</VALUE>
			<VALUE_ENUM>
				<SF_XML_ID_28436></SF_XML_ID_28436>
			</VALUE_ENUM>
			<DESCRIPTION>
				<SF_XML_ID_28436></SF_XML_ID_28436>
			</DESCRIPTION>
		</prop_value>
		<prop_value>
			<IBLOCK_ID>83</IBLOCK_ID>
			<ELEMENT_ID>8602</ELEMENT_ID>
			<PROPERTY_ID>1485</PROPERTY_ID>
			<PROPERTY_CODE>FEDERAL</PROPERTY_CODE>
			<VALUE>
				<SF_XML_ID_28439>10</SF_XML_ID_28439>
			</VALUE>
			<VALUE_ENUM>
				<SF_XML_ID_28439></SF_XML_ID_28439>
			</VALUE_ENUM>
			<DESCRIPTION>
				<SF_XML_ID_28439></SF_XML_ID_28439>
			</DESCRIPTION>
		</prop_value>
		<prop_value>
			<IBLOCK_ID>83</IBLOCK_ID>
			<ELEMENT_ID>8602</ELEMENT_ID>
			<PROPERTY_ID>1493</PROPERTY_ID>
			<PROPERTY_CODE>REGIONAL</PROPERTY_CODE>
			<VALUE>
				<SF_XML_ID_28440>0</SF_XML_ID_28440>
			</VALUE>
			<VALUE_ENUM>
				<SF_XML_ID_28440></SF_XML_ID_28440>
			</VALUE_ENUM>
			<DESCRIPTION>
				<SF_XML_ID_28440></SF_XML_ID_28440>
			</DESCRIPTION>
		</prop_value>
		<prop_value>
			<IBLOCK_ID>83</IBLOCK_ID>
			<ELEMENT_ID>8602</ELEMENT_ID>
			<PROPERTY_ID>1502</PROPERTY_ID>
			<PROPERTY_CODE>LOCAL</PROPERTY_CODE>
			<VALUE>
				<SF_XML_ID_28441>0</SF_XML_ID_28441>
			</VALUE>
			<VALUE_ENUM>
				<SF_XML_ID_28441></SF_XML_ID_28441>
			</VALUE_ENUM>
			<DESCRIPTION>
				<SF_XML_ID_28441></SF_XML_ID_28441>
			</DESCRIPTION>
		</prop_value>
		<prop_value>
			<IBLOCK_ID>83</IBLOCK_ID>
			<ELEMENT_ID>8602</ELEMENT_ID>
			<PROPERTY_ID>1509</PROPERTY_ID>
			<PROPERTY_CODE>COMMERCE</PROPERTY_CODE>
			<VALUE>
				<SF_XML_ID_28442>0</SF_XML_ID_28442>
			</VALUE>
			<VALUE_ENUM>
				<SF_XML_ID_28442></SF_XML_ID_28442>
			</VALUE_ENUM>
			<DESCRIPTION>
				<SF_XML_ID_28442></SF_XML_ID_28442>
			</DESCRIPTION>
		</prop_value>
		<prop_value>
			<IBLOCK_ID>83</IBLOCK_ID>
			<ELEMENT_ID>8602</ELEMENT_ID>
			<PROPERTY_ID>1512</PROPERTY_ID>
			<PROPERTY_CODE>CODE_SPECIAL</PROPERTY_CODE>
			<VALUE>
				<SF_XML_ID_28443>-</SF_XML_ID_28443>
			</VALUE>
			<VALUE_ENUM>
				<SF_XML_ID_28443></SF_XML_ID_28443>
			</VALUE_ENUM>
			<DESCRIPTION>
				<SF_XML_ID_28443></SF_XML_ID_28443>
			</DESCRIPTION>
		</prop_value>
		<prop_value>
			<IBLOCK_ID>83</IBLOCK_ID>
			<ELEMENT_ID>8602</ELEMENT_ID>
			<PROPERTY_ID>1515</PROPERTY_ID>
			<PROPERTY_CODE>COURSE</PROPERTY_CODE>
			<VALUE>
				<SF_XML_ID_28444>-</SF_XML_ID_28444>
			</VALUE>
			<VALUE_ENUM>
				<SF_XML_ID_28444></SF_XML_ID_28444>
			</VALUE_ENUM>
			<DESCRIPTION>
				<SF_XML_ID_28444></SF_XML_ID_28444>
			</DESCRIPTION>
		</prop_value>
		<prop_value>
			<IBLOCK_ID>83</IBLOCK_ID>
			<ELEMENT_ID>8602</ELEMENT_ID>
			<PROPERTY_ID>1518</PROPERTY_ID>
			<PROPERTY_CODE>FORM_STUDY</PROPERTY_CODE>
			<VALUE>
				<SF_XML_ID_28445>очная</SF_XML_ID_28445>
			</VALUE>
			<VALUE_ENUM>
				<SF_XML_ID_28445></SF_XML_ID_28445>
			</VALUE_ENUM>
			<DESCRIPTION>
				<SF_XML_ID_28445></SF_XML_ID_28445>
			</DESCRIPTION>
		</prop_value>
		<prop_value>
			<IBLOCK_ID>83</IBLOCK_ID>
			<ELEMENT_ID>8603</ELEMENT_ID>
			<PROPERTY_ID>1485</PROPERTY_ID>
			<PROPERTY_CODE>FEDERAL</PROPERTY_CODE>
			<VALUE>
				<SF_XML_ID_28448>5</SF_XML_ID_28448>
			</VALUE>
			<VALUE_ENUM>
				<SF_XML_ID_28448></SF_XML_ID_28448>
			</VALUE_ENUM>
			<DESCRIPTION>
				<SF_XML_ID_28448></SF_XML_ID_28448>
			</DESCRIPTION>
		</prop_value>
		<prop_value>
			<IBLOCK_ID>83</IBLOCK_ID>
			<ELEMENT_ID>8603</ELEMENT_ID>
			<PROPERTY_ID>1493</PROPERTY_ID>
			<PROPERTY_CODE>REGIONAL</PROPERTY_CODE>
			<VALUE>
				<SF_XML_ID_28449>0</SF_XML_ID_28449>
			</VALUE>
			<VALUE_ENUM>
				<SF_XML_ID_28449></SF_XML_ID_28449>
			</VALUE_ENUM>
			<DESCRIPTION>
				<SF_XML_ID_28449></SF_XML_ID_28449>
			</DESCRIPTION>
		</prop_value>
		<prop_value>
			<IBLOCK_ID>83</IBLOCK_ID>
			<ELEMENT_ID>8603</ELEMENT_ID>
			<PROPERTY_ID>1502</PROPERTY_ID>
			<PROPERTY_CODE>LOCAL</PROPERTY_CODE>
			<VALUE>
				<SF_XML_ID_28450>0</SF_XML_ID_28450>
			</VALUE>
			<VALUE_ENUM>
				<SF_XML_ID_28450></SF_XML_ID_28450>
			</VALUE_ENUM>
			<DESCRIPTION>
				<SF_XML_ID_28450></SF_XML_ID_28450>
			</DESCRIPTION>
		</prop_value>
		<prop_value>
			<IBLOCK_ID>83</IBLOCK_ID>
			<ELEMENT_ID>8603</ELEMENT_ID>
			<PROPERTY_ID>1509</PROPERTY_ID>
			<PROPERTY_CODE>COMMERCE</PROPERTY_CODE>
			<VALUE>
				<SF_XML_ID_28451>0</SF_XML_ID_28451>
			</VALUE>
			<VALUE_ENUM>
				<SF_XML_ID_28451></SF_XML_ID_28451>
			</VALUE_ENUM>
			<DESCRIPTION>
				<SF_XML_ID_28451></SF_XML_ID_28451>
			</DESCRIPTION>
		</prop_value>
		<prop_value>
			<IBLOCK_ID>83</IBLOCK_ID>
			<ELEMENT_ID>8603</ELEMENT_ID>
			<PROPERTY_ID>1512</PROPERTY_ID>
			<PROPERTY_CODE>CODE_SPECIAL</PROPERTY_CODE>
			<VALUE>
				<SF_XML_ID_28452>-</SF_XML_ID_28452>
			</VALUE>
			<VALUE_ENUM>
				<SF_XML_ID_28452></SF_XML_ID_28452>
			</VALUE_ENUM>
			<DESCRIPTION>
				<SF_XML_ID_28452></SF_XML_ID_28452>
			</DESCRIPTION>
		</prop_value>
		<prop_value>
			<IBLOCK_ID>83</IBLOCK_ID>
			<ELEMENT_ID>8603</ELEMENT_ID>
			<PROPERTY_ID>1515</PROPERTY_ID>
			<PROPERTY_CODE>COURSE</PROPERTY_CODE>
			<VALUE>
				<SF_XML_ID_28453>-</SF_XML_ID_28453>
			</VALUE>
			<VALUE_ENUM>
				<SF_XML_ID_28453></SF_XML_ID_28453>
			</VALUE_ENUM>
			<DESCRIPTION>
				<SF_XML_ID_28453></SF_XML_ID_28453>
			</DESCRIPTION>
		</prop_value>
		<prop_value>
			<IBLOCK_ID>83</IBLOCK_ID>
			<ELEMENT_ID>8603</ELEMENT_ID>
			<PROPERTY_ID>1518</PROPERTY_ID>
			<PROPERTY_CODE>FORM_STUDY</PROPERTY_CODE>
			<VALUE>
				<SF_XML_ID_28454>очная</SF_XML_ID_28454>
			</VALUE>
			<VALUE_ENUM>
				<SF_XML_ID_28454></SF_XML_ID_28454>
			</VALUE_ENUM>
			<DESCRIPTION>
				<SF_XML_ID_28454></SF_XML_ID_28454>
			</DESCRIPTION>
		</prop_value>
		<prop_value>
			<IBLOCK_ID>83</IBLOCK_ID>
			<ELEMENT_ID>8604</ELEMENT_ID>
			<PROPERTY_ID>1485</PROPERTY_ID>
			<PROPERTY_CODE>FEDERAL</PROPERTY_CODE>
			<VALUE>
				<SF_XML_ID_28457>7</SF_XML_ID_28457>
			</VALUE>
			<VALUE_ENUM>
				<SF_XML_ID_28457></SF_XML_ID_28457>
			</VALUE_ENUM>
			<DESCRIPTION>
				<SF_XML_ID_28457></SF_XML_ID_28457>
			</DESCRIPTION>
		</prop_value>
		<prop_value>
			<IBLOCK_ID>83</IBLOCK_ID>
			<ELEMENT_ID>8604</ELEMENT_ID>
			<PROPERTY_ID>1493</PROPERTY_ID>
			<PROPERTY_CODE>REGIONAL</PROPERTY_CODE>
			<VALUE>
				<SF_XML_ID_28458>0</SF_XML_ID_28458>
			</VALUE>
			<VALUE_ENUM>
				<SF_XML_ID_28458></SF_XML_ID_28458>
			</VALUE_ENUM>
			<DESCRIPTION>
				<SF_XML_ID_28458></SF_XML_ID_28458>
			</DESCRIPTION>
		</prop_value>
		<prop_value>
			<IBLOCK_ID>83</IBLOCK_ID>
			<ELEMENT_ID>8604</ELEMENT_ID>
			<PROPERTY_ID>1502</PROPERTY_ID>
			<PROPERTY_CODE>LOCAL</PROPERTY_CODE>
			<VALUE>
				<SF_XML_ID_28459>0</SF_XML_ID_28459>
			</VALUE>
			<VALUE_ENUM>
				<SF_XML_ID_28459></SF_XML_ID_28459>
			</VALUE_ENUM>
			<DESCRIPTION>
				<SF_XML_ID_28459></SF_XML_ID_28459>
			</DESCRIPTION>
		</prop_value>
		<prop_value>
			<IBLOCK_ID>83</IBLOCK_ID>
			<ELEMENT_ID>8604</ELEMENT_ID>
			<PROPERTY_ID>1509</PROPERTY_ID>
			<PROPERTY_CODE>COMMERCE</PROPERTY_CODE>
			<VALUE>
				<SF_XML_ID_28460>0</SF_XML_ID_28460>
			</VALUE>
			<VALUE_ENUM>
				<SF_XML_ID_28460></SF_XML_ID_28460>
			</VALUE_ENUM>
			<DESCRIPTION>
				<SF_XML_ID_28460></SF_XML_ID_28460>
			</DESCRIPTION>
		</prop_value>
		<prop_value>
			<IBLOCK_ID>83</IBLOCK_ID>
			<ELEMENT_ID>8604</ELEMENT_ID>
			<PROPERTY_ID>1512</PROPERTY_ID>
			<PROPERTY_CODE>CODE_SPECIAL</PROPERTY_CODE>
			<VALUE>
				<SF_XML_ID_28461>-</SF_XML_ID_28461>
			</VALUE>
			<VALUE_ENUM>
				<SF_XML_ID_28461></SF_XML_ID_28461>
			</VALUE_ENUM>
			<DESCRIPTION>
				<SF_XML_ID_28461></SF_XML_ID_28461>
			</DESCRIPTION>
		</prop_value>
		<prop_value>
			<IBLOCK_ID>83</IBLOCK_ID>
			<ELEMENT_ID>8604</ELEMENT_ID>
			<PROPERTY_ID>1515</PROPERTY_ID>
			<PROPERTY_CODE>COURSE</PROPERTY_CODE>
			<VALUE>
				<SF_XML_ID_28462>-</SF_XML_ID_28462>
			</VALUE>
			<VALUE_ENUM>
				<SF_XML_ID_28462></SF_XML_ID_28462>
			</VALUE_ENUM>
			<DESCRIPTION>
				<SF_XML_ID_28462></SF_XML_ID_28462>
			</DESCRIPTION>
		</prop_value>
		<prop_value>
			<IBLOCK_ID>83</IBLOCK_ID>
			<ELEMENT_ID>8604</ELEMENT_ID>
			<PROPERTY_ID>1518</PROPERTY_ID>
			<PROPERTY_CODE>FORM_STUDY</PROPERTY_CODE>
			<VALUE>
				<SF_XML_ID_28463>очная</SF_XML_ID_28463>
			</VALUE>
			<VALUE_ENUM>
				<SF_XML_ID_28463></SF_XML_ID_28463>
			</VALUE_ENUM>
			<DESCRIPTION>
				<SF_XML_ID_28463></SF_XML_ID_28463>
			</DESCRIPTION>
		</prop_value>
		<prop_value>
			<IBLOCK_ID>83</IBLOCK_ID>
			<ELEMENT_ID>8605</ELEMENT_ID>
			<PROPERTY_ID>1485</PROPERTY_ID>
			<PROPERTY_CODE>FEDERAL</PROPERTY_CODE>
			<VALUE>
				<SF_XML_ID_28466>3</SF_XML_ID_28466>
			</VALUE>
			<VALUE_ENUM>
				<SF_XML_ID_28466></SF_XML_ID_28466>
			</VALUE_ENUM>
			<DESCRIPTION>
				<SF_XML_ID_28466></SF_XML_ID_28466>
			</DESCRIPTION>
		</prop_value>
		<prop_value>
			<IBLOCK_ID>83</IBLOCK_ID>
			<ELEMENT_ID>8605</ELEMENT_ID>
			<PROPERTY_ID>1493</PROPERTY_ID>
			<PROPERTY_CODE>REGIONAL</PROPERTY_CODE>
			<VALUE>
				<SF_XML_ID_28467>0</SF_XML_ID_28467>
			</VALUE>
			<VALUE_ENUM>
				<SF_XML_ID_28467></SF_XML_ID_28467>
			</VALUE_ENUM>
			<DESCRIPTION>
				<SF_XML_ID_28467></SF_XML_ID_28467>
			</DESCRIPTION>
		</prop_value>
		<prop_value>
			<IBLOCK_ID>83</IBLOCK_ID>
			<ELEMENT_ID>8605</ELEMENT_ID>
			<PROPERTY_ID>1502</PROPERTY_ID>
			<PROPERTY_CODE>LOCAL</PROPERTY_CODE>
			<VALUE>
				<SF_XML_ID_28468>0</SF_XML_ID_28468>
			</VALUE>
			<VALUE_ENUM>
				<SF_XML_ID_28468></SF_XML_ID_28468>
			</VALUE_ENUM>
			<DESCRIPTION>
				<SF_XML_ID_28468></SF_XML_ID_28468>
			</DESCRIPTION>
		</prop_value>
		<prop_value>
			<IBLOCK_ID>83</IBLOCK_ID>
			<ELEMENT_ID>8605</ELEMENT_ID>
			<PROPERTY_ID>1509</PROPERTY_ID>
			<PROPERTY_CODE>COMMERCE</PROPERTY_CODE>
			<VALUE>
				<SF_XML_ID_28469>0</SF_XML_ID_28469>
			</VALUE>
			<VALUE_ENUM>
				<SF_XML_ID_28469></SF_XML_ID_28469>
			</VALUE_ENUM>
			<DESCRIPTION>
				<SF_XML_ID_28469></SF_XML_ID_28469>
			</DESCRIPTION>
		</prop_value>
		<prop_value>
			<IBLOCK_ID>83</IBLOCK_ID>
			<ELEMENT_ID>8605</ELEMENT_ID>
			<PROPERTY_ID>1512</PROPERTY_ID>
			<PROPERTY_CODE>CODE_SPECIAL</PROPERTY_CODE>
			<VALUE>
				<SF_XML_ID_28470>-</SF_XML_ID_28470>
			</VALUE>
			<VALUE_ENUM>
				<SF_XML_ID_28470></SF_XML_ID_28470>
			</VALUE_ENUM>
			<DESCRIPTION>
				<SF_XML_ID_28470></SF_XML_ID_28470>
			</DESCRIPTION>
		</prop_value>
		<prop_value>
			<IBLOCK_ID>83</IBLOCK_ID>
			<ELEMENT_ID>8605</ELEMENT_ID>
			<PROPERTY_ID>1515</PROPERTY_ID>
			<PROPERTY_CODE>COURSE</PROPERTY_CODE>
			<VALUE>
				<SF_XML_ID_28471>-</SF_XML_ID_28471>
			</VALUE>
			<VALUE_ENUM>
				<SF_XML_ID_28471></SF_XML_ID_28471>
			</VALUE_ENUM>
			<DESCRIPTION>
				<SF_XML_ID_28471></SF_XML_ID_28471>
			</DESCRIPTION>
		</prop_value>
		<prop_value>
			<IBLOCK_ID>83</IBLOCK_ID>
			<ELEMENT_ID>8605</ELEMENT_ID>
			<PROPERTY_ID>1518</PROPERTY_ID>
			<PROPERTY_CODE>FORM_STUDY</PROPERTY_CODE>
			<VALUE>
				<SF_XML_ID_28472>очная</SF_XML_ID_28472>
			</VALUE>
			<VALUE_ENUM>
				<SF_XML_ID_28472></SF_XML_ID_28472>
			</VALUE_ENUM>
			<DESCRIPTION>
				<SF_XML_ID_28472></SF_XML_ID_28472>
			</DESCRIPTION>
		</prop_value>
		<prop_value>
			<IBLOCK_ID>83</IBLOCK_ID>
			<ELEMENT_ID>8606</ELEMENT_ID>
			<PROPERTY_ID>1485</PROPERTY_ID>
			<PROPERTY_CODE>FEDERAL</PROPERTY_CODE>
			<VALUE>
				<SF_XML_ID_28475>0</SF_XML_ID_28475>
			</VALUE>
			<VALUE_ENUM>
				<SF_XML_ID_28475></SF_XML_ID_28475>
			</VALUE_ENUM>
			<DESCRIPTION>
				<SF_XML_ID_28475></SF_XML_ID_28475>
			</DESCRIPTION>
		</prop_value>
		<prop_value>
			<IBLOCK_ID>83</IBLOCK_ID>
			<ELEMENT_ID>8606</ELEMENT_ID>
			<PROPERTY_ID>1493</PROPERTY_ID>
			<PROPERTY_CODE>REGIONAL</PROPERTY_CODE>
			<VALUE>
				<SF_XML_ID_28476>0</SF_XML_ID_28476>
			</VALUE>
			<VALUE_ENUM>
				<SF_XML_ID_28476></SF_XML_ID_28476>
			</VALUE_ENUM>
			<DESCRIPTION>
				<SF_XML_ID_28476></SF_XML_ID_28476>
			</DESCRIPTION>
		</prop_value>
		<prop_value>
			<IBLOCK_ID>83</IBLOCK_ID>
			<ELEMENT_ID>8606</ELEMENT_ID>
			<PROPERTY_ID>1502</PROPERTY_ID>
			<PROPERTY_CODE>LOCAL</PROPERTY_CODE>
			<VALUE>
				<SF_XML_ID_28477>0</SF_XML_ID_28477>
			</VALUE>
			<VALUE_ENUM>
				<SF_XML_ID_28477></SF_XML_ID_28477>
			</VALUE_ENUM>
			<DESCRIPTION>
				<SF_XML_ID_28477></SF_XML_ID_28477>
			</DESCRIPTION>
		</prop_value>
		<prop_value>
			<IBLOCK_ID>83</IBLOCK_ID>
			<ELEMENT_ID>8606</ELEMENT_ID>
			<PROPERTY_ID>1509</PROPERTY_ID>
			<PROPERTY_CODE>COMMERCE</PROPERTY_CODE>
			<VALUE>
				<SF_XML_ID_28478>0</SF_XML_ID_28478>
			</VALUE>
			<VALUE_ENUM>
				<SF_XML_ID_28478></SF_XML_ID_28478>
			</VALUE_ENUM>
			<DESCRIPTION>
				<SF_XML_ID_28478></SF_XML_ID_28478>
			</DESCRIPTION>
		</prop_value>
		<prop_value>
			<IBLOCK_ID>83</IBLOCK_ID>
			<ELEMENT_ID>8606</ELEMENT_ID>
			<PROPERTY_ID>1512</PROPERTY_ID>
			<PROPERTY_CODE>CODE_SPECIAL</PROPERTY_CODE>
			<VALUE>
				<SF_XML_ID_28479>-</SF_XML_ID_28479>
			</VALUE>
			<VALUE_ENUM>
				<SF_XML_ID_28479></SF_XML_ID_28479>
			</VALUE_ENUM>
			<DESCRIPTION>
				<SF_XML_ID_28479></SF_XML_ID_28479>
			</DESCRIPTION>
		</prop_value>
		<prop_value>
			<IBLOCK_ID>83</IBLOCK_ID>
			<ELEMENT_ID>8606</ELEMENT_ID>
			<PROPERTY_ID>1515</PROPERTY_ID>
			<PROPERTY_CODE>COURSE</PROPERTY_CODE>
			<VALUE>
				<SF_XML_ID_28480>-</SF_XML_ID_28480>
			</VALUE>
			<VALUE_ENUM>
				<SF_XML_ID_28480></SF_XML_ID_28480>
			</VALUE_ENUM>
			<DESCRIPTION>
				<SF_XML_ID_28480></SF_XML_ID_28480>
			</DESCRIPTION>
		</prop_value>
		<prop_value>
			<IBLOCK_ID>83</IBLOCK_ID>
			<ELEMENT_ID>8606</ELEMENT_ID>
			<PROPERTY_ID>1518</PROPERTY_ID>
			<PROPERTY_CODE>FORM_STUDY</PROPERTY_CODE>
			<VALUE>
				<SF_XML_ID_28481>очная</SF_XML_ID_28481>
			</VALUE>
			<VALUE_ENUM>
				<SF_XML_ID_28481></SF_XML_ID_28481>
			</VALUE_ENUM>
			<DESCRIPTION>
				<SF_XML_ID_28481></SF_XML_ID_28481>
			</DESCRIPTION>
		</prop_value>
		<prop_value>
			<IBLOCK_ID>83</IBLOCK_ID>
			<ELEMENT_ID>8607</ELEMENT_ID>
			<PROPERTY_ID>1485</PROPERTY_ID>
			<PROPERTY_CODE>FEDERAL</PROPERTY_CODE>
			<VALUE>
				<SF_XML_ID_28484>8</SF_XML_ID_28484>
			</VALUE>
			<VALUE_ENUM>
				<SF_XML_ID_28484></SF_XML_ID_28484>
			</VALUE_ENUM>
			<DESCRIPTION>
				<SF_XML_ID_28484></SF_XML_ID_28484>
			</DESCRIPTION>
		</prop_value>
		<prop_value>
			<IBLOCK_ID>83</IBLOCK_ID>
			<ELEMENT_ID>8607</ELEMENT_ID>
			<PROPERTY_ID>1493</PROPERTY_ID>
			<PROPERTY_CODE>REGIONAL</PROPERTY_CODE>
			<VALUE>
				<SF_XML_ID_28485>0</SF_XML_ID_28485>
			</VALUE>
			<VALUE_ENUM>
				<SF_XML_ID_28485></SF_XML_ID_28485>
			</VALUE_ENUM>
			<DESCRIPTION>
				<SF_XML_ID_28485></SF_XML_ID_28485>
			</DESCRIPTION>
		</prop_value>
		<prop_value>
			<IBLOCK_ID>83</IBLOCK_ID>
			<ELEMENT_ID>8607</ELEMENT_ID>
			<PROPERTY_ID>1502</PROPERTY_ID>
			<PROPERTY_CODE>LOCAL</PROPERTY_CODE>
			<VALUE>
				<SF_XML_ID_28486>0</SF_XML_ID_28486>
			</VALUE>
			<VALUE_ENUM>
				<SF_XML_ID_28486></SF_XML_ID_28486>
			</VALUE_ENUM>
			<DESCRIPTION>
				<SF_XML_ID_28486></SF_XML_ID_28486>
			</DESCRIPTION>
		</prop_value>
		<prop_value>
			<IBLOCK_ID>83</IBLOCK_ID>
			<ELEMENT_ID>8607</ELEMENT_ID>
			<PROPERTY_ID>1509</PROPERTY_ID>
			<PROPERTY_CODE>COMMERCE</PROPERTY_CODE>
			<VALUE>
				<SF_XML_ID_28487>0</SF_XML_ID_28487>
			</VALUE>
			<VALUE_ENUM>
				<SF_XML_ID_28487></SF_XML_ID_28487>
			</VALUE_ENUM>
			<DESCRIPTION>
				<SF_XML_ID_28487></SF_XML_ID_28487>
			</DESCRIPTION>
		</prop_value>
		<prop_value>
			<IBLOCK_ID>83</IBLOCK_ID>
			<ELEMENT_ID>8607</ELEMENT_ID>
			<PROPERTY_ID>1512</PROPERTY_ID>
			<PROPERTY_CODE>CODE_SPECIAL</PROPERTY_CODE>
			<VALUE>
				<SF_XML_ID_28488>-</SF_XML_ID_28488>
			</VALUE>
			<VALUE_ENUM>
				<SF_XML_ID_28488></SF_XML_ID_28488>
			</VALUE_ENUM>
			<DESCRIPTION>
				<SF_XML_ID_28488></SF_XML_ID_28488>
			</DESCRIPTION>
		</prop_value>
		<prop_value>
			<IBLOCK_ID>83</IBLOCK_ID>
			<ELEMENT_ID>8607</ELEMENT_ID>
			<PROPERTY_ID>1515</PROPERTY_ID>
			<PROPERTY_CODE>COURSE</PROPERTY_CODE>
			<VALUE>
				<SF_XML_ID_28489>-</SF_XML_ID_28489>
			</VALUE>
			<VALUE_ENUM>
				<SF_XML_ID_28489></SF_XML_ID_28489>
			</VALUE_ENUM>
			<DESCRIPTION>
				<SF_XML_ID_28489></SF_XML_ID_28489>
			</DESCRIPTION>
		</prop_value>
		<prop_value>
			<IBLOCK_ID>83</IBLOCK_ID>
			<ELEMENT_ID>8607</ELEMENT_ID>
			<PROPERTY_ID>1518</PROPERTY_ID>
			<PROPERTY_CODE>FORM_STUDY</PROPERTY_CODE>
			<VALUE>
				<SF_XML_ID_28490>очная</SF_XML_ID_28490>
			</VALUE>
			<VALUE_ENUM>
				<SF_XML_ID_28490></SF_XML_ID_28490>
			</VALUE_ENUM>
			<DESCRIPTION>
				<SF_XML_ID_28490></SF_XML_ID_28490>
			</DESCRIPTION>
		</prop_value>
		<prop_value>
			<IBLOCK_ID>83</IBLOCK_ID>
			<ELEMENT_ID>8608</ELEMENT_ID>
			<PROPERTY_ID>1485</PROPERTY_ID>
			<PROPERTY_CODE>FEDERAL</PROPERTY_CODE>
			<VALUE>
				<SF_XML_ID_28493>-</SF_XML_ID_28493>
			</VALUE>
			<VALUE_ENUM>
				<SF_XML_ID_28493></SF_XML_ID_28493>
			</VALUE_ENUM>
			<DESCRIPTION>
				<SF_XML_ID_28493></SF_XML_ID_28493>
			</DESCRIPTION>
		</prop_value>
		<prop_value>
			<IBLOCK_ID>83</IBLOCK_ID>
			<ELEMENT_ID>8608</ELEMENT_ID>
			<PROPERTY_ID>1493</PROPERTY_ID>
			<PROPERTY_CODE>REGIONAL</PROPERTY_CODE>
			<VALUE>
				<SF_XML_ID_28494>-</SF_XML_ID_28494>
			</VALUE>
			<VALUE_ENUM>
				<SF_XML_ID_28494></SF_XML_ID_28494>
			</VALUE_ENUM>
			<DESCRIPTION>
				<SF_XML_ID_28494></SF_XML_ID_28494>
			</DESCRIPTION>
		</prop_value>
		<prop_value>
			<IBLOCK_ID>83</IBLOCK_ID>
			<ELEMENT_ID>8608</ELEMENT_ID>
			<PROPERTY_ID>1502</PROPERTY_ID>
			<PROPERTY_CODE>LOCAL</PROPERTY_CODE>
			<VALUE>
				<SF_XML_ID_28495>-</SF_XML_ID_28495>
			</VALUE>
			<VALUE_ENUM>
				<SF_XML_ID_28495></SF_XML_ID_28495>
			</VALUE_ENUM>
			<DESCRIPTION>
				<SF_XML_ID_28495></SF_XML_ID_28495>
			</DESCRIPTION>
		</prop_value>
		<prop_value>
			<IBLOCK_ID>83</IBLOCK_ID>
			<ELEMENT_ID>8608</ELEMENT_ID>
			<PROPERTY_ID>1509</PROPERTY_ID>
			<PROPERTY_CODE>COMMERCE</PROPERTY_CODE>
			<VALUE>
				<SF_XML_ID_28496>-</SF_XML_ID_28496>
			</VALUE>
			<VALUE_ENUM>
				<SF_XML_ID_28496></SF_XML_ID_28496>
			</VALUE_ENUM>
			<DESCRIPTION>
				<SF_XML_ID_28496></SF_XML_ID_28496>
			</DESCRIPTION>
		</prop_value>
		<prop_value>
			<IBLOCK_ID>83</IBLOCK_ID>
			<ELEMENT_ID>8608</ELEMENT_ID>
			<PROPERTY_ID>1512</PROPERTY_ID>
			<PROPERTY_CODE>CODE_SPECIAL</PROPERTY_CODE>
			<VALUE>
				<SF_XML_ID_28497>-</SF_XML_ID_28497>
			</VALUE>
			<VALUE_ENUM>
				<SF_XML_ID_28497></SF_XML_ID_28497>
			</VALUE_ENUM>
			<DESCRIPTION>
				<SF_XML_ID_28497></SF_XML_ID_28497>
			</DESCRIPTION>
		</prop_value>
		<prop_value>
			<IBLOCK_ID>83</IBLOCK_ID>
			<ELEMENT_ID>8608</ELEMENT_ID>
			<PROPERTY_ID>1515</PROPERTY_ID>
			<PROPERTY_CODE>COURSE</PROPERTY_CODE>
			<VALUE>
				<SF_XML_ID_28498>-</SF_XML_ID_28498>
			</VALUE>
			<VALUE_ENUM>
				<SF_XML_ID_28498></SF_XML_ID_28498>
			</VALUE_ENUM>
			<DESCRIPTION>
				<SF_XML_ID_28498></SF_XML_ID_28498>
			</DESCRIPTION>
		</prop_value>
		<prop_value>
			<IBLOCK_ID>83</IBLOCK_ID>
			<ELEMENT_ID>8608</ELEMENT_ID>
			<PROPERTY_ID>1518</PROPERTY_ID>
			<PROPERTY_CODE>FORM_STUDY</PROPERTY_CODE>
			<VALUE>
				<SF_XML_ID_28499>-</SF_XML_ID_28499>
			</VALUE>
			<VALUE_ENUM>
				<SF_XML_ID_28499></SF_XML_ID_28499>
			</VALUE_ENUM>
			<DESCRIPTION>
				<SF_XML_ID_28499></SF_XML_ID_28499>
			</DESCRIPTION>
		</prop_value>
	</prop_values>
	<section_elements>
		<section_element>
			<IBLOCK_SECTION_ID>1432</IBLOCK_SECTION_ID>
			<IBLOCK_ELEMENT_ID>8598</IBLOCK_ELEMENT_ID>
		</section_element>
		<section_element>
			<IBLOCK_SECTION_ID>1432</IBLOCK_SECTION_ID>
			<IBLOCK_ELEMENT_ID>8599</IBLOCK_ELEMENT_ID>
		</section_element>
		<section_element>
			<IBLOCK_SECTION_ID>1432</IBLOCK_SECTION_ID>
			<IBLOCK_ELEMENT_ID>8600</IBLOCK_ELEMENT_ID>
		</section_element>
		<section_element>
			<IBLOCK_SECTION_ID>1432</IBLOCK_SECTION_ID>
			<IBLOCK_ELEMENT_ID>8601</IBLOCK_ELEMENT_ID>
		</section_element>
		<section_element>
			<IBLOCK_SECTION_ID>1433</IBLOCK_SECTION_ID>
			<IBLOCK_ELEMENT_ID>8602</IBLOCK_ELEMENT_ID>
		</section_element>
		<section_element>
			<IBLOCK_SECTION_ID>1433</IBLOCK_SECTION_ID>
			<IBLOCK_ELEMENT_ID>8603</IBLOCK_ELEMENT_ID>
		</section_element>
		<section_element>
			<IBLOCK_SECTION_ID>1433</IBLOCK_SECTION_ID>
			<IBLOCK_ELEMENT_ID>8604</IBLOCK_ELEMENT_ID>
		</section_element>
		<section_element>
			<IBLOCK_SECTION_ID>1433</IBLOCK_SECTION_ID>
			<IBLOCK_ELEMENT_ID>8605</IBLOCK_ELEMENT_ID>
		</section_element>
		<section_element>
			<IBLOCK_SECTION_ID>1433</IBLOCK_SECTION_ID>
			<IBLOCK_ELEMENT_ID>8606</IBLOCK_ELEMENT_ID>
		</section_element>
		<section_element>
			<IBLOCK_SECTION_ID>1434</IBLOCK_SECTION_ID>
			<IBLOCK_ELEMENT_ID>8607</IBLOCK_ELEMENT_ID>
		</section_element>
		<section_element>
			<IBLOCK_SECTION_ID>1434</IBLOCK_SECTION_ID>
			<IBLOCK_ELEMENT_ID>8608</IBLOCK_ELEMENT_ID>
		</section_element>
	</section_elements>
	<rights>
		<right>
			<IBLOCK_ID>83</IBLOCK_ID>
			<GROUP_ID>1</GROUP_ID>
			<PERMISSION>X</PERMISSION>
		</right>
		<right>
			<IBLOCK_ID>83</IBLOCK_ID>
			<GROUP_ID>2</GROUP_ID>
			<PERMISSION>R</PERMISSION>
		</right>
	</rights>
	<ext_rights>
	</ext_rights>
	<messages>
		<message>
			<IBLOCK_ID>83</IBLOCK_ID>
			<MESSAGE_ID>ELEMENT_ADD</MESSAGE_ID>
			<MESSAGE_TEXT>Добавить программу</MESSAGE_TEXT>
		</message>
		<message>
			<IBLOCK_ID>83</IBLOCK_ID>
			<MESSAGE_ID>ELEMENT_DELETE</MESSAGE_ID>
			<MESSAGE_TEXT>Удалить программу</MESSAGE_TEXT>
		</message>
		<message>
			<IBLOCK_ID>83</IBLOCK_ID>
			<MESSAGE_ID>ELEMENT_EDIT</MESSAGE_ID>
			<MESSAGE_TEXT>Изменить программу</MESSAGE_TEXT>
		</message>
		<message>
			<IBLOCK_ID>83</IBLOCK_ID>
			<MESSAGE_ID>ELEMENT_NAME</MESSAGE_ID>
			<MESSAGE_TEXT>Программа</MESSAGE_TEXT>
		</message>
		<message>
			<IBLOCK_ID>83</IBLOCK_ID>
			<MESSAGE_ID>ELEMENTS_NAME</MESSAGE_ID>
			<MESSAGE_TEXT>Программы</MESSAGE_TEXT>
		</message>
		<message>
			<IBLOCK_ID>83</IBLOCK_ID>
			<MESSAGE_ID>SECTION_ADD</MESSAGE_ID>
			<MESSAGE_TEXT>Добавить раздел</MESSAGE_TEXT>
		</message>
		<message>
			<IBLOCK_ID>83</IBLOCK_ID>
			<MESSAGE_ID>SECTION_DELETE</MESSAGE_ID>
			<MESSAGE_TEXT>Удалить раздел</MESSAGE_TEXT>
		</message>
		<message>
			<IBLOCK_ID>83</IBLOCK_ID>
			<MESSAGE_ID>SECTION_EDIT</MESSAGE_ID>
			<MESSAGE_TEXT>Изменить раздел</MESSAGE_TEXT>
		</message>
		<message>
			<IBLOCK_ID>83</IBLOCK_ID>
			<MESSAGE_ID>SECTION_NAME</MESSAGE_ID>
			<MESSAGE_TEXT>Раздел</MESSAGE_TEXT>
		</message>
		<message>
			<IBLOCK_ID>83</IBLOCK_ID>
			<MESSAGE_ID>SECTIONS_NAME</MESSAGE_ID>
			<MESSAGE_TEXT>Разделы</MESSAGE_TEXT>
		</message>
	</messages>
	<seo>
		<iblock>
			<ID>83</ID>
		</iblock>
	</seo>
	<forms>
		<form>
			<ID>3582</ID>
			<USER_ID>0</USER_ID>
			<CATEGORY>form</CATEGORY>
			<NAME>form_element_83</NAME>
			<COMMON>Y</COMMON>
			<VALUE>
				<tabs>edit1--#--Программа--,--ID--#--ID--,--DATE_CREATE--#--Создан--,--TIMESTAMP_X--#--Изменен--,--ACTIVE--#--Активность--,--ACTIVE_FROM--#--Начало активности--,--ACTIVE_TO--#--Окончание активности--,--NAME--#--*Наименование профессии, специальности, направления подготовки--,--SORT--#--Сортировка--,--IBLOCK_ELEMENT_PROP_VALUE--#----Значения свойств--,--PROPERTY_1485--#--За счёт бюджетных ассигнований федерального бюджета--,--PROPERTY_1493--#--За счёт бюджетных ассигнований бюджетов субъекта--,--PROPERTY_1502--#--За счёт бюджетных ассигнований местных бюджетов--,--PROPERTY_1509--#--За счёт средств физических и (или) юридических лиц--,--PROPERTY_1512--#--Код специальности/направления подготовки--,--PROPERTY_1515--#--Курс--,--PROPERTY_1518--#--Форма обучения--;--edit14--#--SEO--,--IPROPERTY_TEMPLATES_ELEMENT_META_TITLE--#--Шаблон META TITLE--,--IPROPERTY_TEMPLATES_ELEMENT_META_KEYWORDS--#--Шаблон META KEYWORDS--,--IPROPERTY_TEMPLATES_ELEMENT_META_DESCRIPTION--#--Шаблон META DESCRIPTION--,--IPROPERTY_TEMPLATES_ELEMENT_PAGE_TITLE--#--Заголовок элемента--,--IPROPERTY_TEMPLATES_ELEMENTS_PREVIEW_PICTURE--#----Настройки для картинок анонса элементов--,--IPROPERTY_TEMPLATES_ELEMENT_PREVIEW_PICTURE_FILE_ALT--#--Шаблон ALT--,--IPROPERTY_TEMPLATES_ELEMENT_PREVIEW_PICTURE_FILE_TITLE--#--Шаблон TITLE--,--IPROPERTY_TEMPLATES_ELEMENT_PREVIEW_PICTURE_FILE_NAME--#--Шаблон имени файла--,--IPROPERTY_TEMPLATES_ELEMENTS_DETAIL_PICTURE--#----Настройки для детальных картинок элементов--,--IPROPERTY_TEMPLATES_ELEMENT_DETAIL_PICTURE_FILE_ALT--#--Шаблон ALT--,--IPROPERTY_TEMPLATES_ELEMENT_DETAIL_PICTURE_FILE_TITLE--#--Шаблон TITLE--,--IPROPERTY_TEMPLATES_ELEMENT_DETAIL_PICTURE_FILE_NAME--#--Шаблон имени файла--,--SEO_ADDITIONAL--#----Дополнительно--,--TAGS--#--Теги--;--edit2--#--Разделы--,--SECTIONS--#--Разделы--;--</tabs>
			</VALUE>
		</form>
		<form>
			<ID>20102</ID>
			<USER_ID>0</USER_ID>
			<CATEGORY>form</CATEGORY>
			<NAME>form_section_83</NAME>
			<COMMON>Y</COMMON>
			<VALUE>
				<tabs>edit1--#--Раздел--,--ID--#--ID--,--DATE_CREATE--#--Создан--,--TIMESTAMP_X--#--Изменен--,--ACTIVE--#--Раздел активен--,--IBLOCK_SECTION_ID--#--Родительский раздел--,--NAME--#--*Название--,--CODE--#--Тег--,--SORT--#--Сортировка--;--</tabs>
			</VALUE>
		</form>
	</forms>
	<fields>
		<field>
			<IBLOCK_ID>83</IBLOCK_ID>
			<FIELD_ID>ACTIVE</FIELD_ID>
			<IS_REQUIRED>Y</IS_REQUIRED>
			<DEFAULT_VALUE>Y</DEFAULT_VALUE>
		</field>
		<field>
			<IBLOCK_ID>83</IBLOCK_ID>
			<FIELD_ID>ACTIVE_FROM</FIELD_ID>
			<IS_REQUIRED>N</IS_REQUIRED>
		</field>
		<field>
			<IBLOCK_ID>83</IBLOCK_ID>
			<FIELD_ID>ACTIVE_TO</FIELD_ID>
			<IS_REQUIRED>N</IS_REQUIRED>
		</field>
		<field>
			<IBLOCK_ID>83</IBLOCK_ID>
			<FIELD_ID>CODE</FIELD_ID>
			<IS_REQUIRED>N</IS_REQUIRED>
			<DEFAULT_VALUE>
				<UNIQUE>N</UNIQUE>
				<TRANSLITERATION>N</TRANSLITERATION>
				<TRANS_LEN>100</TRANS_LEN>
				<TRANS_CASE>L</TRANS_CASE>
				<TRANS_SPACE>-</TRANS_SPACE>
				<TRANS_OTHER>-</TRANS_OTHER>
				<TRANS_EAT>Y</TRANS_EAT>
				<USE_GOOGLE>N</USE_GOOGLE>
			</DEFAULT_VALUE>
		</field>
		<field>
			<IBLOCK_ID>83</IBLOCK_ID>
			<FIELD_ID>DETAIL_PICTURE</FIELD_ID>
			<IS_REQUIRED>N</IS_REQUIRED>
			<DEFAULT_VALUE>
				<SCALE>N</SCALE>
				<WIDTH></WIDTH>
				<HEIGHT></HEIGHT>
				<IGNORE_ERRORS>N</IGNORE_ERRORS>
				<METHOD>resample</METHOD>
				<COMPRESSION>95</COMPRESSION>
				<USE_WATERMARK_TEXT>N</USE_WATERMARK_TEXT>
				<WATERMARK_TEXT></WATERMARK_TEXT>
				<WATERMARK_TEXT_FONT></WATERMARK_TEXT_FONT>
				<WATERMARK_TEXT_COLOR></WATERMARK_TEXT_COLOR>
				<WATERMARK_TEXT_SIZE></WATERMARK_TEXT_SIZE>
				<WATERMARK_TEXT_POSITION>tl</WATERMARK_TEXT_POSITION>
				<USE_WATERMARK_FILE>N</USE_WATERMARK_FILE>
				<WATERMARK_FILE></WATERMARK_FILE>
				<WATERMARK_FILE_ALPHA></WATERMARK_FILE_ALPHA>
				<WATERMARK_FILE_POSITION>tl</WATERMARK_FILE_POSITION>
				<WATERMARK_FILE_ORDER></WATERMARK_FILE_ORDER>
			</DEFAULT_VALUE>
		</field>
		<field>
			<IBLOCK_ID>83</IBLOCK_ID>
			<FIELD_ID>DETAIL_TEXT</FIELD_ID>
			<IS_REQUIRED>N</IS_REQUIRED>
		</field>
		<field>
			<IBLOCK_ID>83</IBLOCK_ID>
			<FIELD_ID>DETAIL_TEXT_TYPE</FIELD_ID>
			<IS_REQUIRED>Y</IS_REQUIRED>
			<DEFAULT_VALUE>text</DEFAULT_VALUE>
		</field>
		<field>
			<IBLOCK_ID>83</IBLOCK_ID>
			<FIELD_ID>DETAIL_TEXT_TYPE_ALLOW_CHANGE</FIELD_ID>
			<IS_REQUIRED>N</IS_REQUIRED>
			<DEFAULT_VALUE>Y</DEFAULT_VALUE>
		</field>
		<field>
			<IBLOCK_ID>83</IBLOCK_ID>
			<FIELD_ID>IBLOCK_SECTION</FIELD_ID>
			<IS_REQUIRED>N</IS_REQUIRED>
			<DEFAULT_VALUE>
				<KEEP_IBLOCK_SECTION_ID>N</KEEP_IBLOCK_SECTION_ID>
			</DEFAULT_VALUE>
		</field>
		<field>
			<IBLOCK_ID>83</IBLOCK_ID>
			<FIELD_ID>LOG_ELEMENT_ADD</FIELD_ID>
			<IS_REQUIRED>N</IS_REQUIRED>
		</field>
		<field>
			<IBLOCK_ID>83</IBLOCK_ID>
			<FIELD_ID>LOG_ELEMENT_DELETE</FIELD_ID>
			<IS_REQUIRED>N</IS_REQUIRED>
		</field>
		<field>
			<IBLOCK_ID>83</IBLOCK_ID>
			<FIELD_ID>LOG_ELEMENT_EDIT</FIELD_ID>
			<IS_REQUIRED>N</IS_REQUIRED>
		</field>
		<field>
			<IBLOCK_ID>83</IBLOCK_ID>
			<FIELD_ID>LOG_SECTION_ADD</FIELD_ID>
			<IS_REQUIRED>N</IS_REQUIRED>
		</field>
		<field>
			<IBLOCK_ID>83</IBLOCK_ID>
			<FIELD_ID>LOG_SECTION_DELETE</FIELD_ID>
			<IS_REQUIRED>N</IS_REQUIRED>
		</field>
		<field>
			<IBLOCK_ID>83</IBLOCK_ID>
			<FIELD_ID>LOG_SECTION_EDIT</FIELD_ID>
			<IS_REQUIRED>N</IS_REQUIRED>
		</field>
		<field>
			<IBLOCK_ID>83</IBLOCK_ID>
			<FIELD_ID>NAME</FIELD_ID>
			<IS_REQUIRED>Y</IS_REQUIRED>
		</field>
		<field>
			<IBLOCK_ID>83</IBLOCK_ID>
			<FIELD_ID>PREVIEW_PICTURE</FIELD_ID>
			<IS_REQUIRED>N</IS_REQUIRED>
			<DEFAULT_VALUE>
				<FROM_DETAIL>N</FROM_DETAIL>
				<SCALE>N</SCALE>
				<WIDTH></WIDTH>
				<HEIGHT></HEIGHT>
				<IGNORE_ERRORS>N</IGNORE_ERRORS>
				<METHOD>resample</METHOD>
				<COMPRESSION>95</COMPRESSION>
				<DELETE_WITH_DETAIL>N</DELETE_WITH_DETAIL>
				<UPDATE_WITH_DETAIL>N</UPDATE_WITH_DETAIL>
				<USE_WATERMARK_TEXT>N</USE_WATERMARK_TEXT>
				<WATERMARK_TEXT></WATERMARK_TEXT>
				<WATERMARK_TEXT_FONT></WATERMARK_TEXT_FONT>
				<WATERMARK_TEXT_COLOR></WATERMARK_TEXT_COLOR>
				<WATERMARK_TEXT_SIZE></WATERMARK_TEXT_SIZE>
				<WATERMARK_TEXT_POSITION>tl</WATERMARK_TEXT_POSITION>
				<USE_WATERMARK_FILE>N</USE_WATERMARK_FILE>
				<WATERMARK_FILE></WATERMARK_FILE>
				<WATERMARK_FILE_ALPHA></WATERMARK_FILE_ALPHA>
				<WATERMARK_FILE_POSITION>tl</WATERMARK_FILE_POSITION>
				<WATERMARK_FILE_ORDER></WATERMARK_FILE_ORDER>
			</DEFAULT_VALUE>
		</field>
		<field>
			<IBLOCK_ID>83</IBLOCK_ID>
			<FIELD_ID>PREVIEW_TEXT</FIELD_ID>
			<IS_REQUIRED>N</IS_REQUIRED>
		</field>
		<field>
			<IBLOCK_ID>83</IBLOCK_ID>
			<FIELD_ID>PREVIEW_TEXT_TYPE</FIELD_ID>
			<IS_REQUIRED>Y</IS_REQUIRED>
			<DEFAULT_VALUE>text</DEFAULT_VALUE>
		</field>
		<field>
			<IBLOCK_ID>83</IBLOCK_ID>
			<FIELD_ID>PREVIEW_TEXT_TYPE_ALLOW_CHANGE</FIELD_ID>
			<IS_REQUIRED>N</IS_REQUIRED>
			<DEFAULT_VALUE>Y</DEFAULT_VALUE>
		</field>
		<field>
			<IBLOCK_ID>83</IBLOCK_ID>
			<FIELD_ID>SECTION_CODE</FIELD_ID>
			<IS_REQUIRED>N</IS_REQUIRED>
			<DEFAULT_VALUE>
				<UNIQUE>N</UNIQUE>
				<TRANSLITERATION>N</TRANSLITERATION>
				<TRANS_LEN>100</TRANS_LEN>
				<TRANS_CASE>L</TRANS_CASE>
				<TRANS_SPACE>-</TRANS_SPACE>
				<TRANS_OTHER>-</TRANS_OTHER>
				<TRANS_EAT>N</TRANS_EAT>
				<USE_GOOGLE>N</USE_GOOGLE>
			</DEFAULT_VALUE>
		</field>
		<field>
			<IBLOCK_ID>83</IBLOCK_ID>
			<FIELD_ID>SECTION_DESCRIPTION</FIELD_ID>
			<IS_REQUIRED>N</IS_REQUIRED>
		</field>
		<field>
			<IBLOCK_ID>83</IBLOCK_ID>
			<FIELD_ID>SECTION_DESCRIPTION_TYPE</FIELD_ID>
			<IS_REQUIRED>Y</IS_REQUIRED>
			<DEFAULT_VALUE>text</DEFAULT_VALUE>
		</field>
		<field>
			<IBLOCK_ID>83</IBLOCK_ID>
			<FIELD_ID>SECTION_DESCRIPTION_TYPE_ALLOW_CHANGE</FIELD_ID>
			<IS_REQUIRED>N</IS_REQUIRED>
			<DEFAULT_VALUE>Y</DEFAULT_VALUE>
		</field>
		<field>
			<IBLOCK_ID>83</IBLOCK_ID>
			<FIELD_ID>SECTION_DETAIL_PICTURE</FIELD_ID>
			<IS_REQUIRED>N</IS_REQUIRED>
			<DEFAULT_VALUE>
				<SCALE>N</SCALE>
				<WIDTH></WIDTH>
				<HEIGHT></HEIGHT>
				<IGNORE_ERRORS>N</IGNORE_ERRORS>
				<METHOD>resample</METHOD>
				<COMPRESSION>95</COMPRESSION>
				<USE_WATERMARK_TEXT>N</USE_WATERMARK_TEXT>
				<WATERMARK_TEXT></WATERMARK_TEXT>
				<WATERMARK_TEXT_FONT></WATERMARK_TEXT_FONT>
				<WATERMARK_TEXT_COLOR></WATERMARK_TEXT_COLOR>
				<WATERMARK_TEXT_SIZE></WATERMARK_TEXT_SIZE>
				<WATERMARK_TEXT_POSITION>tl</WATERMARK_TEXT_POSITION>
				<USE_WATERMARK_FILE>N</USE_WATERMARK_FILE>
				<WATERMARK_FILE></WATERMARK_FILE>
				<WATERMARK_FILE_ALPHA></WATERMARK_FILE_ALPHA>
				<WATERMARK_FILE_POSITION>tl</WATERMARK_FILE_POSITION>
				<WATERMARK_FILE_ORDER></WATERMARK_FILE_ORDER>
			</DEFAULT_VALUE>
		</field>
		<field>
			<IBLOCK_ID>83</IBLOCK_ID>
			<FIELD_ID>SECTION_NAME</FIELD_ID>
			<IS_REQUIRED>Y</IS_REQUIRED>
		</field>
		<field>
			<IBLOCK_ID>83</IBLOCK_ID>
			<FIELD_ID>SECTION_PICTURE</FIELD_ID>
			<IS_REQUIRED>N</IS_REQUIRED>
			<DEFAULT_VALUE>
				<FROM_DETAIL>N</FROM_DETAIL>
				<SCALE>N</SCALE>
				<WIDTH></WIDTH>
				<HEIGHT></HEIGHT>
				<IGNORE_ERRORS>N</IGNORE_ERRORS>
				<METHOD>resample</METHOD>
				<COMPRESSION>95</COMPRESSION>
				<DELETE_WITH_DETAIL>N</DELETE_WITH_DETAIL>
				<UPDATE_WITH_DETAIL>N</UPDATE_WITH_DETAIL>
				<USE_WATERMARK_TEXT>N</USE_WATERMARK_TEXT>
				<WATERMARK_TEXT></WATERMARK_TEXT>
				<WATERMARK_TEXT_FONT></WATERMARK_TEXT_FONT>
				<WATERMARK_TEXT_COLOR></WATERMARK_TEXT_COLOR>
				<WATERMARK_TEXT_SIZE></WATERMARK_TEXT_SIZE>
				<WATERMARK_TEXT_POSITION>tl</WATERMARK_TEXT_POSITION>
				<USE_WATERMARK_FILE>N</USE_WATERMARK_FILE>
				<WATERMARK_FILE></WATERMARK_FILE>
				<WATERMARK_FILE_ALPHA></WATERMARK_FILE_ALPHA>
				<WATERMARK_FILE_POSITION>tl</WATERMARK_FILE_POSITION>
				<WATERMARK_FILE_ORDER></WATERMARK_FILE_ORDER>
			</DEFAULT_VALUE>
		</field>
		<field>
			<IBLOCK_ID>83</IBLOCK_ID>
			<FIELD_ID>SECTION_XML_ID</FIELD_ID>
			<IS_REQUIRED>N</IS_REQUIRED>
		</field>
		<field>
			<IBLOCK_ID>83</IBLOCK_ID>
			<FIELD_ID>SORT</FIELD_ID>
			<IS_REQUIRED>N</IS_REQUIRED>
		</field>
		<field>
			<IBLOCK_ID>83</IBLOCK_ID>
			<FIELD_ID>TAGS</FIELD_ID>
			<IS_REQUIRED>N</IS_REQUIRED>
		</field>
		<field>
			<IBLOCK_ID>83</IBLOCK_ID>
			<FIELD_ID>XML_ID</FIELD_ID>
			<IS_REQUIRED>Y</IS_REQUIRED>
		</field>
		<field>
			<IBLOCK_ID>83</IBLOCK_ID>
			<FIELD_ID>XML_IMPORT_START_TIME</FIELD_ID>
			<IS_REQUIRED>N</IS_REQUIRED>
			<DEFAULT_VALUE>2019-04-18 15:05:17</DEFAULT_VALUE>
		</field>
	</fields>
	<hblocks>
	</hblocks>
	<list_fields>
	</list_fields>
	<list_urls>
	</list_urls>
	<list_permissions>
	</list_permissions>
</commerce_info>
